,CandidateID,AgeBand,Race,Gender,QualityofHirePoint,OverallRating,Accommodation_tile,Assertiveness_tile,CautiousThinking_tile,Competitiveness_tile,CriticismTolerance_tile,DetailInterest_tile,FollowThrough_tile,InterpersonalInsight_tile,Multitasking_tile,ObjectiveThinking_tile,Optimism_tile,PositiveViewofPeople_tile,PreferenceforStructure_tile,ProcessFocused_tile,WorkIntensity_tile,RealisticThinking_tile,ReflectiveThinking_tile,Sociability_tile,SocialRestraint_tile,WorkIndependence_tile,result
142,216867.0,50-59,White (not Hispanic or Latino),Female,4654.229947890209,3.9562339054264775,0.6306,0.1433,0.2266,0.1587,0.1795,0.1587,0.1016,0.3058,0.5656,0.0783,0.1817,0.5524,0.6237,0.2459,0.2437,0.5804,0.4169,0.2782,0.3556,0.1446,Nonpass
143,216871.0,Prefer Not To Say,Prefer Not To Say,Male,7916.685202928952,4.126192163828699,0.9332,0.659,0.7606,0.8607,0.9397,0.5,0.7073,0.9322,0.2791,0.7475,0.8623,0.9336,0.7514,0.5263,0.6783,0.1008,0.8183,0.9293,0.9026,0.0485,Nonpass
144,216888.0,60 or over,White (not Hispanic or Latino),Male,6089.48752777894,3.491681332460406,0.2023,0.1433,0.0228,0.7692,0.4162,0.3085,0.0509,0.4207,0.0036,0.1099,0.0729,0.606,0.2189,0.1052,0.2437,0.8962,0.9461,0.3843,0.0208,0.7054,Nonpass
145,216902.0,50-59,White (not Hispanic or Latino),Female,3346.4736469124246,4.95987430549553,0.8413,0.0597,0.294,0.7131,0.6893,0.003,0.0729,0.8097,0.0907,0.3193,0.8183,0.2447,0.1849,0.1052,0.4085,0.5804,0.2646,0.8484,0.5,0.1446,Nonpass
147,216923.0,50-59,Other,Male,-1650.3358199789416,2.869502801249672,0.3085,0.9945,0.6915,0.7131,0.4859,0.5,0.7665,0.7652,0.6792,0.1497,0.5721,0.1075,0.4326,0.5263,0.5,0.5804,0.6878,0.7218,0.1333,0.5557,Nonpass
148,216964.0,20-29,White (not Hispanic or Latino),Female,501.7152142521207,4.122415313641983,0.7475,0.8906,0.8697,0.9457,0.8848,0.8413,0.6419,0.9825,0.7309,0.5392,0.9271,0.606,0.8514,0.9168,0.9474,0.1433,0.8529,0.9293,0.8228,0.1446,Nonpass
149,217177.0,20-29,Asian (not Hispanic or Latino),Male,-1220.5182191669364,2.0622586108898533,0.7475,0.341,0.9384,0.9457,0.4162,0.9332,0.8623,0.8819,0.1878,0.3896,0.8623,0.7065,0.4807,0.8841,0.6783,0.0683,0.9787,1.0,0.5,0.1949,Pass
150,217245.0,60 or over,White (not Hispanic or Latino),Female,-1904.2048751254563,4.619957788691088,0.9332,0.5971,0.8697,0.7131,0.6246,0.6915,0.9655,0.6032,0.8201,0.804,0.9772,0.8626,0.9201,0.7937,0.8228,0.7988,0.0402,0.7689,0.8667,0.0721,Nonpass
151,217490.0,20-29,Black or African American (not Hispanic or Latino),Male,-1096.8500476983827,3.990225557106922,0.3694,0.7697,0.5332,0.9457,0.6893,0.6915,0.5,0.8097,0.2309,0.4638,0.5,0.4433,0.7114,0.5263,0.6783,0.7988,0.9705,0.5,0.5735,0.8729,Nonpass
152,217632.0,50-59,Other,Male,1480.605668919645,4.0544320102810945,0.5,0.9798,0.8697,1.0,0.4162,0.8944,0.5721,0.9096,0.2791,0.9643,0.8623,0.0097,0.2564,0.7937,0.6783,0.5804,0.8529,0.8112,0.7107,0.7704,Nonpass
153,217749.0,Prefer Not To Say,White (not Hispanic or Latino),Male,-888.2987662930045,2.9450398049839928,0.7475,0.659,0.3694,0.7131,0.6246,0.9599,0.8984,0.7154,0.506,0.9643,0.6419,0.2447,0.4807,0.8841,0.7563,0.6607,0.2646,0.6157,0.8667,0.3228,Nonpass
154,218603.0,60 or over,Prefer Not To Say,Male,-1442.796313976618,2.1075808131304457,0.0334,0.8906,0.3694,0.8607,0.1371,0.5,0.4279,0.6611,0.0907,0.7475,0.6419,0.2037,0.031,0.378,0.8764,0.413,0.929,0.4415,0.032,0.9099,Pass
155,219773.0,30-39,White (not Hispanic or Latino),Male,-223.11373472100678,4.122415313641983,0.9088,0.9866,0.8697,1.0,1.0,0.9599,0.9491,0.9641,0.9141,0.9467,0.8984,0.8626,0.9367,0.9421,0.9176,0.1008,0.9849,1.0,0.7107,0.0069,Nonpass
156,219821.0,50-59,Black or African American (not Hispanic or Latino),Female,-9799.207502656585,2.0886965621968656,0.5662,0.341,0.7606,0.8607,0.2294,0.6915,0.5721,0.8097,0.5656,0.9228,0.8183,0.4978,0.3856,0.671,0.5915,0.3331,0.4721,0.8484,0.9026,0.1038,Pass
157,220030.0,50-59,White (not Hispanic or Latino),Male,-2245.3289144212217,4.0506551600943785,0.4338,0.7697,0.3694,0.38,0.6246,0.4013,0.5721,0.5429,0.0907,0.6834,0.6419,0.6576,0.7114,0.5263,0.4085,0.7988,0.3122,0.4415,0.4265,0.5557,Nonpass
158,220479.0,50-59,White (not Hispanic or Latino),Male,-4964.201800662565,2.5069251833249337,0.0912,0.7169,0.3694,0.38,0.0012,0.5987,0.2927,0.1307,0.0184,0.8916,0.1817,0.3383,0.0835,0.5263,0.3217,0.7343,0.2209,0.0707,0.5735,0.8729,Pass
159,220874.0,50-59,White (not Hispanic or Latino),Male,883.6483376678515,2.8770565016231044,0.2525,0.7697,0.294,0.38,0.4859,0.0401,0.1817,0.6611,0.6792,0.2549,0.2335,0.135,0.1273,0.0346,0.2437,0.7988,0.5279,0.2782,0.0974,0.1446,Nonpass
161,222259.0,60 or over,Hispanic or Latino,Male,11566.785667546692,3.9713413061733416,0.8783,0.8164,0.8697,0.8956,0.4859,0.8413,0.8623,0.8097,0.506,0.9228,0.7665,0.6576,0.8777,0.378,0.8764,0.2602,0.4721,0.8803,0.5735,0.0314,Nonpass
162,222295.0,20-29,Hispanic or Latino,Male,1536.773120528041,4.077093111401391,0.0228,0.7169,0.294,0.7131,0.349,0.1056,0.0729,0.4816,0.0686,0.3896,0.0228,0.2037,0.0129,0.378,0.1236,0.7343,0.8183,0.1888,0.0,0.9969,Nonpass
163,223175.0,60 or over,White (not Hispanic or Latino),Male,-9338.258381129346,2.650445490420143,0.6915,0.0134,0.7606,0.2569,0.1021,0.1056,0.1817,0.7154,0.0184,0.1099,0.5,0.3383,0.5769,0.5263,0.032,0.9824,0.5279,0.1197,0.2893,0.8264,Nonpass
164,223515.0,50-59,White (not Hispanic or Latino),Male,-735.2053228160056,2.1038039629437293,0.7475,0.8906,0.9599,0.8607,0.8468,0.9332,0.8183,0.7154,0.0023,0.9228,0.6419,0.7932,0.8215,0.9421,0.6783,0.8962,0.6367,0.5,0.7706,0.0314,Pass
165,224273.0,40-49,White (not Hispanic or Latino),Male,-270.90210899052,3.088560112079202,0.1587,0.1433,0.9088,0.7692,0.036,0.5987,0.1016,0.4816,0.037,0.6834,0.2927,0.4433,0.3401,0.378,0.032,0.4966,0.929,0.0388,0.0974,0.9099,Nonpass
166,224398.0,60 or over,White (not Hispanic or Latino),Male,-1538.9438279178712,2.797742647702068,0.4338,0.8164,0.2266,0.38,0.2862,0.5987,0.1817,0.4207,0.0686,0.4638,0.5,0.4978,0.4807,0.1052,0.1772,0.7988,0.4169,0.6705,0.1772,0.6331,Nonpass
167,224507.0,30-39,White (not Hispanic or Latino),Male,-5576.529887333814,2.1038039629437293,0.8413,0.9703,0.9849,0.4475,0.4162,0.8944,0.7665,0.4816,0.5656,0.8916,0.7665,0.4433,0.4807,0.8432,0.1772,0.2602,0.8529,1.0,0.9308,0.0485,Pass
168,224629.0,20-29,Hispanic or Latino,Male,9439.773283596156,4.0544320102810945,0.7977,0.7169,0.7606,0.5852,0.2862,0.5,0.4279,0.7652,0.4463,0.6133,0.4279,0.2447,0.4807,0.5263,0.6783,0.7343,0.7354,0.6157,0.5,0.7054,Nonpass
169,224671.0,60 or over,White (not Hispanic or Latino),Female,1185.9284385633903,3.8655895009452927,0.7977,0.7169,0.4503,0.8607,0.01,0.6915,0.4279,0.4816,0.0907,0.3896,0.1377,0.6576,0.2969,0.6003,0.5915,0.413,0.908,0.7218,0.3556,0.2546,Nonpass
170,224736.0,20-29,Black or African American (not Hispanic or Latino),Male,9761.669731484883,4.080869961588107,0.9332,0.9574,0.9599,1.0,0.6246,0.6915,0.7665,0.6611,0.3877,0.9768,0.8984,0.606,0.9006,0.9168,1.0,0.1433,0.9461,1.0,0.9026,0.0485,Nonpass
171,224955.0,30-39,White (not Hispanic or Latino),Male,-2577.8157806560976,2.0773660116367174,0.4338,0.9403,0.8203,0.9457,0.8014,0.8944,0.7665,0.6032,0.2309,0.6834,0.7073,0.065,0.8215,0.7359,0.8764,0.5804,0.908,1.0,0.6444,0.4761,Pass
172,225171.0,50-59,White (not Hispanic or Latino),Female,-4358.961579485845,3.111221213199498,0.6306,0.0597,0.2266,0.089,0.4859,0.2266,0.2927,0.4816,0.2309,0.0783,0.4279,0.8301,0.4326,0.1906,0.0186,0.9294,0.4721,0.1888,0.6444,0.3228,Nonpass
173,225183.0,50-59,White (not Hispanic or Latino),Male,3373.7660588077724,3.096113812452634,0.5,0.5327,0.0567,0.2569,0.4859,0.0062,0.1377,0.1662,0.3316,0.0783,0.5,0.606,0.3856,0.0086,0.0526,0.7343,0.1817,0.0529,0.5,0.3974,Nonpass
174,225433.0,Prefer Not To Say,Prefer Not To Say,Male,-9346.135228896432,0.6431646902820378,0.2525,0.5971,0.8203,0.5852,0.6893,0.4013,0.6419,0.8097,0.037,0.1981,0.6419,0.3383,0.0067,0.1437,0.5915,0.3331,0.7354,0.3843,0.3556,0.9099,Pass
175,225447.0,Prefer Not To Say,Prefer Not To Say,Prefer not to say,-10930.216007839455,1.0812793119410968,0.0334,0.9703,0.4503,0.1587,0.5561,0.0122,0.0018,0.4207,0.0686,0.4638,0.1817,0.0271,0.0522,0.1052,0.1772,0.5804,0.9598,0.0529,0.0478,0.7704,Pass
176,225550.0,50-59,Black or African American (not Hispanic or Latino),Male,4026.6340583629762,4.0128866582272185,0.9332,0.1094,0.8697,0.7131,0.9155,0.7734,0.7073,0.9096,0.6237,0.7475,0.9271,0.8301,0.9201,0.3089,0.5,0.413,0.5279,0.5585,0.9026,0.2546,Nonpass
177,225724.0,40-49,White (not Hispanic or Latino),Male,11566.258067940069,4.129969014015415,0.4338,0.341,0.1217,0.2043,0.01,0.2266,0.1817,0.0411,0.7309,0.1099,0.1817,0.4433,0.1543,0.6003,0.4085,0.7343,0.6367,0.1516,0.2294,0.5557,Nonpass
178,225764.0,20-29,Hispanic or Latino,Male,2474.03407154264,4.816353998400321,0.5662,0.1836,0.8203,0.9237,0.6246,0.9332,0.2927,0.9746,0.0264,0.6834,0.7665,0.2897,0.1543,0.671,0.8228,0.0683,0.9849,0.8112,0.5735,0.3974,Nonpass
179,225856.0,30-39,Black or African American (not Hispanic or Latino),Male,364.25342460732,4.084646811774823,0.8413,0.1836,0.9599,0.8185,0.6893,0.8944,0.7073,0.8819,0.3877,0.8521,0.8984,0.8301,0.7881,0.9609,0.6783,0.0683,0.8183,0.8484,1.0,0.2546,Nonpass
180,225896.0,50-59,White (not Hispanic or Latino),Female,-5855.756578914823,2.393619677723453,0.0478,0.5971,0.4503,0.2043,0.0157,0.5,0.6419,0.8097,0.0907,0.6834,0.1817,0.2897,0.0835,0.378,0.0526,0.8528,0.5279,0.3843,0.2893,0.7704,Pass
181,226442.0,30-39,Asian (not Hispanic or Latino),Male,2088.5247513395257,4.129969014015415,0.3694,0.9945,0.7606,1.0,0.8014,0.9332,0.5,0.7154,0.2791,0.7475,0.7665,0.4978,0.2189,0.7359,0.9474,0.413,0.7354,0.6705,0.3556,0.9382,Nonpass
182,226526.0,30-39,Black or African American (not Hispanic or Latino),Female,990.8993565133193,3.111221213199498,0.9666,0.9574,0.9849,0.8956,0.2862,1.0,1.0,0.9322,0.506,0.9643,0.9772,0.8626,0.7881,0.671,0.7563,0.4966,0.5279,1.0,0.9026,0.1446,Nonpass
183,226543.0,20-29,Hispanic or Latino,Male,621.3254703347721,5.088287211843875,0.2525,0.0597,0.0567,0.38,0.2862,0.1056,0.0055,0.3058,0.0036,0.2549,0.4279,0.065,0.031,0.0517,0.0526,0.7343,0.908,0.3295,0.0027,0.6331,Nonpass
184,227409.0,40-49,Other,Female,3510.520679904416,3.880696901692157,0.5,0.659,0.5332,0.7131,0.2294,0.1587,0.2927,0.7154,0.506,0.6133,0.7665,0.7065,0.529,0.5263,0.3217,0.7343,0.8529,0.7218,0.5735,0.1038,Nonpass
185,227441.0,30-39,White (not Hispanic or Latino),Male,908.5668178480909,2.9979157075980174,0.5662,0.4029,0.6915,0.7692,0.8014,0.3085,0.6419,0.3617,0.0003,0.8521,0.8984,0.606,0.2969,0.9168,0.8764,0.2602,0.9598,0.0529,0.4265,0.9099,Nonpass
186,227460.0,50-59,White (not Hispanic or Latino),Male,-8086.51075196712,1.2691200716794873,0.5662,0.341,0.5332,0.38,0.0741,0.1587,0.2927,0.2074,0.0686,0.5392,0.5,0.7065,0.3856,0.1437,0.0526,0.9294,0.3122,0.2311,0.4265,0.2546,Pass
187,227910.0,20-29,Hispanic or Latino,Male,-2565.1305158767223,2.073589161450001,0.9088,0.4673,0.7606,0.6513,0.5561,0.4013,0.5721,0.4816,0.7309,0.5392,0.8623,0.4978,0.6687,0.4513,0.1236,0.413,0.5831,0.6157,0.5,0.5557,Pass
188,227921.0,20-29,Black or African American (not Hispanic or Latino),Female,-9689.69434182159,2.1075808131304457,0.8783,0.2831,0.8203,0.2043,0.6893,0.9332,0.7665,0.8487,0.0509,0.9643,0.8984,0.2037,0.9201,0.8841,0.5,0.1008,0.8183,0.8484,0.9026,0.1038,Pass
189,228070.0,30-39,Black or African American (not Hispanic or Latino),Male,-7818.932280603149,2.039597509769557,1.0,0.8906,0.8203,1.0,0.8468,1.0,1.0,1.0,0.3316,1.0,0.8984,0.8626,0.3856,1.0,1.0,0.0446,0.9928,1.0,1.0,0.0314,Pass
190,228092.0,50-59,Other,Female,9911.997018150267,3.3330536246183335,0.7475,0.7697,0.9599,0.9237,0.0241,0.8944,0.1377,0.9322,0.0005,0.6834,0.8183,0.1671,0.0664,0.9609,0.3217,0.4966,0.2209,1.0,0.9026,0.7704,Nonpass
191,228138.0,30-39,Hispanic or Latino,Female,11651.450996387652,4.925882653815085,0.9666,0.4029,0.5332,0.1203,0.0523,0.4013,0.5,0.3617,0.2309,0.6133,1.0,0.5524,0.529,0.1906,0.5915,0.0446,0.7791,0.8484,0.6444,0.1446,Nonpass
192,228195.0,50-59,White (not Hispanic or Latino),Male,16019.20275313903,3.8504821001984286,0.3694,0.8906,0.2266,1.0,0.6893,0.2266,0.7073,0.6611,0.3877,0.7475,0.5721,0.2897,0.2564,0.6003,0.8228,0.4966,0.4721,0.6705,0.5735,0.3228,Nonpass
194,228296.0,60 or over,White (not Hispanic or Latino),Male,-1104.5355863988393,3.09989066263935,0.4338,0.659,0.7606,0.2043,0.349,0.6915,0.2927,0.1008,0.3316,0.5392,0.3581,0.606,0.7514,0.378,0.0824,0.6607,0.1173,0.2782,0.3556,0.1446,Nonpass
195,228344.0,50-59,White (not Hispanic or Latino),Male,294.47765029688685,4.107307912895118,0.5,0.1836,0.2266,0.6513,0.1021,0.2266,0.5721,0.3617,0.3877,0.3193,0.2927,0.4978,0.4326,0.5263,0.6783,0.8528,0.6367,0.2782,0.2893,0.3974,Nonpass
196,228404.0,20-29,White (not Hispanic or Latino),Male,-2029.0003277803864,4.118638463455267,1.0,0.8906,0.9974,0.9457,0.5561,1.0,0.9271,0.7652,0.0509,0.9467,1.0,0.6576,0.9367,1.0,0.7563,0.0683,0.3633,0.9293,1.0,0.5557,Nonpass
197,228417.0,20-29,White (not Hispanic or Latino),Male,-5498.953465073268,2.069812311263285,1.0,0.1094,0.9749,0.6513,0.8014,0.9599,0.9491,0.9641,0.0126,0.6834,0.9271,0.7932,0.9367,0.9168,0.5915,0.6607,0.9705,1.0,0.7107,0.3228,Pass
198,228455.0,20-29,Black or African American (not Hispanic or Latino),Male,2955.3114328741126,4.956097455308814,0.5662,0.5971,0.8203,0.8956,0.6246,0.5,0.5721,0.8097,0.6792,0.3896,0.9491,0.7519,0.8777,0.378,0.3217,0.2602,0.9461,0.5,0.9026,0.0069,Nonpass
199,228529.0,30-39,Black or African American (not Hispanic or Latino),Female,-918.2430081816316,4.737040144479285,0.4338,0.7169,0.4503,0.6513,0.1795,0.0401,0.2335,0.7652,0.0907,0.1497,0.4279,0.4433,0.6237,0.5263,0.5915,0.413,0.929,0.8803,0.6444,0.1446,Nonpass
200,228599.0,40-49,Black or African American (not Hispanic or Latino),Male,6440.849329561798,4.457553230662299,0.2023,0.7169,0.6147,0.5852,0.1795,0.9332,0.5721,0.4816,0.0907,0.3896,0.2927,0.0368,0.2189,0.3089,0.8764,0.4966,0.3122,0.3843,0.0974,0.9382,Nonpass
201,228603.0,40-49,Black or African American (not Hispanic or Latino),Male,-134.0338573906106,5.122278863524319,0.0228,0.4029,0.9088,0.2569,0.0007,0.6915,0.2927,0.7652,0.0036,0.8521,0.2927,0.0493,0.1037,0.7937,0.1236,0.3331,0.9461,0.2782,0.6444,0.9984,Nonpass
202,228605.0,50-59,White (not Hispanic or Latino),Male,744.0145858230978,3.0507916102120416,0.2525,0.8567,0.4503,0.8185,0.2862,0.2266,0.4279,0.3617,0.2791,0.3193,0.6419,0.2897,0.4326,0.8841,0.3217,0.0683,0.8827,0.8484,0.2893,0.7704,Nonpass
203,228648.0,30-39,White (not Hispanic or Latino),Female,1534.6830283948175,5.050518709976715,0.8413,0.8906,0.9749,1.0,0.9397,0.9599,0.9772,0.8097,0.2309,0.9467,0.8984,0.7932,0.9779,0.8432,1.0,0.2602,0.8183,0.8803,1.0,0.3974,Nonpass
204,228663.0,40-49,White (not Hispanic or Latino),Male,428.8559756824299,4.8730067512010615,0.9088,0.9403,0.9384,0.9457,0.8848,0.8944,0.8183,0.6032,0.2791,0.8916,0.9655,0.8905,0.9367,0.8432,0.7563,0.5804,0.6878,0.7218,0.7706,0.1038,Nonpass
205,228719.0,20-29,White (not Hispanic or Latino),Male,4335.051803459189,4.03932460953423,0.6915,0.7169,0.5332,0.7131,0.1795,0.1587,0.3581,0.4207,0.0907,0.6834,0.5,0.0493,0.2564,0.4513,0.0824,0.6607,0.7791,0.6705,0.2294,0.8264,Nonpass
206,228721.0,40-49,Black or African American (not Hispanic or Latino),Male,455.4198082662677,3.5596646358212944,0.6306,0.4673,0.9088,0.3159,0.8014,0.5,0.4279,0.7154,0.1501,0.7475,0.6419,0.3383,0.3856,0.4513,0.5,0.4966,0.8183,0.5585,0.8228,0.6331,Nonpass
207,228730.0,20-29,Hispanic or Latino,Male,8134.347507394841,3.98267185673349,0.9088,0.9574,0.9974,0.8607,1.0,0.9599,1.0,0.7652,0.2309,0.804,0.8984,0.606,0.7514,0.9168,0.9176,0.1008,0.9598,1.0,1.0,0.7054,Nonpass
209,228964.0,20-29,Hispanic or Latino,Male,-1661.9702733475217,3.1036675128260662,0.6306,0.7697,0.6147,0.7131,0.2294,0.4013,0.6419,0.3058,0.3877,0.2549,0.8183,0.135,0.7114,0.378,0.2437,0.3331,0.4721,0.5585,0.5735,0.1949,Nonpass
210,228977.0,Prefer Not To Say,Prefer Not To Say,Male,5688.933290733725,3.6012099878751713,0.0013,0.8567,0.0846,0.2043,0.0741,0.0122,0.0146,0.0565,0.0509,0.1981,0.009,0.003,0.0129,0.0517,0.0054,0.9898,0.6367,0.028,0.008,0.9099,Nonpass
211,228979.0,60 or over,White (not Hispanic or Latino),Male,-2693.8572217350575,2.797742647702068,0.0151,0.341,0.1217,0.7131,0.0061,0.5,0.0509,0.3058,0.0036,0.5392,0.0509,0.2447,0.1037,0.3089,0.5,0.8528,0.4721,0.0093,0.0131,0.9945,Nonpass
212,229038.0,20-29,White (not Hispanic or Latino),Male,-8180.013162269473,3.114998063386214,0.9666,0.659,0.9951,1.0,1.0,1.0,0.9491,0.8097,0.8568,1.0,0.8984,0.9141,0.9006,1.0,0.8228,0.2602,0.9979,1.0,0.9308,0.7704,Nonpass
214,229095.0,20-29,White (not Hispanic or Latino),Male,1141.932262912751,3.077229561519054,0.4338,0.0817,0.0078,0.9457,0.4859,0.1587,0.2927,0.4816,0.037,0.5392,0.9491,0.0493,0.0405,0.1437,0.7563,0.9984,0.5279,0.7218,0.0131,0.0485,Nonpass
216,229158.0,30-39,Hispanic or Latino,Male,-9049.419412841426,2.0962502625702975,0.6915,0.4673,0.5332,0.7692,0.5561,0.5987,0.4279,0.6611,0.3877,0.4638,0.8183,0.3383,0.7114,0.7359,0.5915,0.413,0.3633,0.9072,0.3556,0.7054,Pass
217,229559.0,50-59,White (not Hispanic or Latino),Female,-2542.7192990425488,1.7789948468861512,0.5662,0.2831,0.294,0.3159,0.0741,0.4013,0.2927,0.8487,0.2309,0.0236,0.4279,0.2897,0.031,0.0346,0.3217,0.413,0.6367,0.8112,0.2294,0.2546,Pass
218,229588.0,60 or over,White (not Hispanic or Latino),Male,648.2587154094437,3.6843006919829238,0.0098,0.9403,0.0,0.38,0.1795,0.0,0.0018,0.6611,0.1878,0.0236,0.2927,0.1075,0.0093,0.0,0.1236,0.8962,0.2209,0.2782,0.0208,0.9591,Nonpass
219,229612.0,40-49,Hispanic or Latino,Male,11305.505075067405,5.008973357922839,0.9332,0.8164,0.9384,1.0,0.958,0.9332,0.6419,0.8097,0.4463,0.804,0.8984,0.4433,0.8514,0.5263,0.9474,0.1008,0.7791,1.0,0.9308,0.1446,Nonpass
220,229660.0,40-49,White (not Hispanic or Latino),Male,4991.385993329684,4.967428005868962,0.0334,0.8164,0.6147,0.7692,0.4859,0.1587,0.5,0.1307,0.0907,0.3193,0.5,0.2037,0.0835,0.4513,0.7563,0.1433,0.4169,0.0928,0.1333,0.3228,Nonpass
221,229697.0,20-29,White (not Hispanic or Latino),Male,-3069.0467372179155,5.092064062030591,0.9522,0.5327,0.9849,0.1203,0.6246,0.8413,0.9491,0.5429,0.5656,0.8521,0.8984,0.8626,0.9006,0.8841,0.8764,0.2602,0.4721,0.8484,1.0,0.2546,Nonpass
222,229920.0,30-39,Hispanic or Latino,Male,5440.625047663675,5.129832563897751,0.9332,0.9183,0.7606,0.9457,0.8848,0.8944,0.7073,0.7652,0.1878,0.4638,0.8183,0.606,0.7514,0.8841,0.9176,0.1965,0.929,0.9072,0.9308,0.8264,Nonpass
223,230149.0,30-39,White (not Hispanic or Latino),Male,-3028.8413511887375,4.129969014015415,0.7475,0.9403,0.6147,0.8956,0.6246,0.6915,0.5,0.8819,0.7781,0.6133,0.8623,0.4978,0.7881,0.378,0.4085,0.1965,0.6878,0.9072,0.5,0.0485,Nonpass
224,230152.0,20-29,Hispanic or Latino,Female,1096.3783544199791,4.0091098080405025,0.6306,0.8164,0.7606,0.8607,0.8468,0.5,0.0509,0.6611,0.0036,0.804,0.9655,0.135,0.1273,0.6003,0.7563,0.9538,0.9705,0.9072,0.7706,0.8729,Nonpass
225,230382.0,40-49,White (not Hispanic or Latino),Male,3459.081968079819,4.114861613268551,0.2525,0.4673,0.2266,0.4475,0.1795,0.1056,0.0055,0.6611,0.7309,0.1099,0.3581,0.1671,0.0835,0.0748,0.2437,0.8962,0.7354,0.2311,0.0974,0.8729,Nonpass
226,230465.0,30-39,Other,Female,1656.9055989540861,5.050518709976715,0.6306,0.0297,0.4503,0.4475,0.0741,0.3085,0.3581,0.1307,0.1501,0.5392,0.4279,0.606,0.1037,0.2459,0.6783,0.9709,0.6878,0.3295,0.6444,0.8729,Nonpass
227,231562.0,50-59,Hispanic or Latino,Male,-3422.8241723233064,1.0548413606340845,0.0912,0.7169,0.8203,0.5852,0.2294,0.8413,0.1817,0.7154,0.2791,0.7475,0.9271,0.0196,0.0129,0.671,0.0526,0.8528,0.8827,0.6705,0.0692,0.6331,Pass
228,231611.0,20-29,Hispanic or Latino,Male,-3762.1604280727142,4.869229901014346,0.9522,0.2303,0.9384,0.4475,0.8848,0.6915,0.5721,0.0411,0.2791,0.9467,0.5,0.7519,0.9201,0.6003,0.3217,0.9538,0.7354,0.3295,0.7706,0.2546,Nonpass
229,232857.0,20-29,Hispanic or Latino,Male,-6187.683518945031,1.0623950610075168,0.7977,0.4673,0.4503,0.7131,0.2862,0.6915,0.3581,0.8097,0.0686,0.1497,0.8623,0.4433,0.0093,0.5263,0.1236,0.4966,0.9928,0.0529,0.0478,0.9996,Pass
230,232873.0,40-49,White (not Hispanic or Latino),Female,2683.0701022746302,3.8504821001984286,0.4338,0.4029,0.9088,0.8185,0.036,0.5,0.7073,0.5429,0.0264,0.6834,0.7073,0.2897,0.2969,0.3089,0.6783,0.9294,0.5831,0.1888,0.7107,0.8264,Nonpass
232,233008.0,30-39,White (not Hispanic or Latino),Male,-3190.173829601551,4.126192163828699,0.8413,0.1433,0.294,0.7131,0.5561,0.2266,0.6419,0.6032,0.7781,0.804,0.7665,0.8301,0.7514,0.378,0.5,0.1965,0.7354,0.6157,0.6444,0.2546,Nonpass
235,233395.0,60 or over,White (not Hispanic or Latino),Male,-2730.169788818877,1.7941022476330155,0.0151,0.659,0.1689,0.5852,0.2862,0.7734,0.5,0.4816,0.1178,0.5392,0.3581,0.3383,0.1849,0.6003,0.6783,0.8528,0.5279,0.1516,0.1333,0.9945,Pass
236,233433.0,60 or over,White (not Hispanic or Latino),Male,-354.10410692029313,3.0319073592784616,0.6306,0.7169,0.3694,0.2569,0.4859,0.1056,0.5721,0.2074,0.6792,0.5392,0.5,0.7519,0.529,0.3089,0.4085,0.1433,0.4721,0.6157,0.3556,0.5557,Nonpass
237,233445.0,20-29,White (not Hispanic or Latino),Female,-2201.8058236502825,3.1187749135729304,0.2525,0.2303,0.2266,0.0309,0.0157,0.2266,0.0509,0.8487,0.0184,0.1981,0.1817,0.0196,0.1037,0.4513,0.032,0.3331,0.8827,0.0529,0.0974,0.9382,Nonpass
238,233482.0,20-29,White (not Hispanic or Latino),Male,-8390.092322225126,1.0284034093270722,0.6915,0.4029,0.4503,0.38,0.5561,0.1587,0.0509,0.6032,0.0184,0.1497,0.0345,0.2037,0.2189,0.0224,0.1772,0.7988,0.8183,0.1516,0.3556,0.5557,Pass
239,233602.0,30-39,Hispanic or Latino,Male,1894.4407749414845,5.103394612590739,0.5662,0.5327,0.9599,0.9237,0.4859,0.6915,0.4279,0.7154,0.888,0.0363,0.0729,0.4978,0.7514,0.1906,0.7563,0.2602,0.9598,0.4415,0.8667,0.2546,Nonpass
240,233631.0,20-29,Hispanic or Latino,Male,-1989.8465986951746,5.133609414084468,0.8413,0.2303,0.3694,0.7131,0.9155,0.0228,0.2927,0.3617,0.1878,0.4638,0.7073,0.0842,0.7514,0.3089,0.4085,0.413,0.8827,0.3295,0.2294,0.9382,Nonpass
241,233667.0,20-29,Hispanic or Latino,Male,-3674.387122540916,3.077229561519054,0.9332,0.7697,0.6147,0.8956,0.4162,0.8413,0.9655,0.7154,0.037,0.6834,0.9271,0.4433,0.7114,0.8432,0.9474,0.0683,0.8827,0.9293,0.7706,0.6331,Nonpass
242,233845.0,60 or over,White (not Hispanic or Latino),Male,-1793.0212263288417,2.9903620072245856,0.1217,0.2303,0.1217,0.5852,0.1795,0.1587,0.7073,0.1307,0.0907,0.2549,0.4279,0.1671,0.0033,0.3089,0.5915,0.4966,0.1173,0.0,0.1772,0.9591,Nonpass
243,233951.0,40-49,White (not Hispanic or Latino),Male,-1602.448429377465,2.941262954797277,0.0151,0.9979,0.8203,1.0,0.8468,1.0,0.8984,0.2074,0.0,1.0,0.8984,1.0,0.0664,1.0,0.7563,0.2602,0.8529,0.0928,0.4265,0.1949,Nonpass
244,233978.0,50-59,White (not Hispanic or Latino),Male,-3247.670656699489,3.952457055239761,0.7475,0.4673,0.8203,0.5166,0.349,0.6915,0.4279,0.7652,0.8568,0.1099,0.5721,0.7519,0.1037,0.1906,0.5,0.1008,0.6878,0.4415,0.8228,0.4761,Nonpass
245,234200.0,20-29,White (not Hispanic or Latino),Female,616.315662271652,4.929659504001802,0.7475,0.341,0.294,0.8607,0.349,0.3085,0.2927,0.3058,0.1501,0.1981,0.9271,0.2037,0.3856,0.3089,0.5915,0.6607,0.7791,1.0,0.5,0.2546,Nonpass
246,234202.0,30-39,Black or African American (not Hispanic or Latino),Male,3280.7861444750324,4.073316261214675,0.4338,0.8906,0.8203,0.8956,0.2862,0.7734,0.9271,0.8487,0.9522,0.9467,0.7665,0.8626,0.9779,0.4513,0.5,0.4966,0.9461,0.8484,0.8667,0.0485,Nonpass
247,234427.0,50-59,Black or African American (not Hispanic or Latino),Male,-3450.9923533298083,1.6014828881104983,0.9332,0.8164,0.6147,0.2569,0.8848,0.9332,0.4279,0.8097,0.0907,0.9467,0.1817,0.0842,0.9201,0.7937,0.8764,0.6607,0.4169,0.8112,0.1333,0.8264,Pass
248,234459.0,40-49,White (not Hispanic or Latino),Male,253.57149624944518,2.657999190793575,0.3085,0.5327,0.294,0.5852,0.349,0.1587,0.4279,0.2541,0.1178,0.1981,0.3581,0.3383,0.3856,0.2459,0.2437,0.7343,0.5279,0.1888,0.1333,0.9382,Nonpass
249,234809.0,40-49,Black or African American (not Hispanic or Latino),Female,-1344.9830703308185,3.06212216077219,0.6915,0.2303,0.6915,0.0451,0.2862,0.1056,0.1817,0.8097,0.4463,0.5392,0.2927,0.6576,0.2969,0.378,0.7563,0.1008,0.6878,0.7689,0.4265,0.2546,Nonpass
250,234855.0,16-19,Hispanic or Latino,Female,-11136.902864823924,1.092609862501245,0.0013,0.9798,0.1217,0.2043,0.1371,0.1056,0.0146,0.8097,0.0126,0.3193,0.3581,0.0139,0.0,0.0346,0.1236,0.6607,0.9705,0.0388,0.0131,0.9838,Pass
251,234899.0,20-29,Other,Male,-6300.122072351787,2.1075808131304457,0.0228,0.9403,0.1217,0.9457,0.0523,0.0401,0.0228,0.7154,0.037,0.5392,0.2927,0.0139,0.0129,0.0346,0.3217,0.2602,0.908,0.1197,0.0048,0.8729,Pass
252,234935.0,40-49,White (not Hispanic or Latino),Male,13327.489795727326,5.107171462777455,0.0098,0.8567,0.1689,0.6513,0.1021,0.0668,0.5,0.2541,0.0126,0.6133,0.0345,0.0368,0.0405,0.4513,0.3217,0.9538,0.5279,0.0041,0.032,0.9099,Nonpass
253,235233.0,20-29,Other,Female,204.94752252276248,4.122415313641983,0.7977,0.7697,0.9912,0.7131,0.9397,0.3085,0.7073,0.8487,0.9353,0.2549,0.8984,0.3383,0.9006,0.378,0.7563,0.7988,0.8827,0.8803,0.8228,0.1446,Nonpass
254,235558.0,40-49,Hispanic or Latino,Male,6726.141835750524,4.111084763081835,0.0,0.9979,0.294,0.8956,0.9397,0.6915,0.0,0.7652,0.0014,0.9228,0.5721,0.0067,0.0047,0.4513,0.8228,0.8962,0.7791,0.8803,0.1333,1.0,Nonpass
255,236030.0,50-59,Black or African American (not Hispanic or Latino),Male,595.6468935434525,2.801519497888784,0.6306,0.2831,0.8697,0.7131,0.8014,0.7734,0.1377,0.7652,0.1178,0.6834,0.3581,0.4978,0.7514,0.7937,0.5915,0.8528,0.7791,0.2782,0.7107,0.3228,Nonpass
256,236116.0,16-19,Black or African American (not Hispanic or Latino),Male,-1077.0245658690997,3.111221213199498,0.8413,0.7697,0.9749,0.7692,0.8014,0.0668,0.5,0.7652,0.0184,0.6834,0.5,0.4978,0.0664,0.1906,0.6783,0.7988,0.9849,0.4415,0.6444,0.8729,Nonpass
257,236126.0,30-39,Hispanic or Latino,Male,11262.994159273874,3.861812650758577,0.5662,0.9866,0.9599,0.8185,0.2862,0.9332,0.8183,0.7652,0.1878,0.9467,0.8183,0.135,0.6237,0.7937,0.6783,0.3331,0.9849,0.6705,0.9026,0.7704,Nonpass
258,236199.0,20-29,Other,Male,1321.5168652033012,5.012750208109555,0.6915,0.2831,0.7606,0.7131,0.7486,0.1587,0.5721,0.4207,0.0686,0.5392,0.2927,0.1671,0.6237,0.3089,0.2437,0.9538,0.8529,0.4415,0.2893,0.7704,Nonpass
259,236342.0,60 or over,White (not Hispanic or Latino),Male,-6138.503909652741,3.6540858904891955,0.6306,0.4673,0.0366,0.1587,0.01,0.0401,0.4279,0.3058,0.8568,0.1099,0.0018,0.7932,0.2564,0.0086,0.1772,0.413,0.4721,0.028,0.0692,0.0721,Nonpass
260,236371.0,30-39,Black or African American (not Hispanic or Latino),Male,-2724.973994007771,4.793692897280025,0.5662,0.659,0.6915,0.7131,0.2294,0.5,0.1817,0.5429,0.0907,0.6834,0.1377,0.2897,0.6687,0.6003,0.2437,0.6607,0.5831,0.1888,0.7107,0.8264,Nonpass
261,236385.0,30-39,White (not Hispanic or Latino),Male,106.95941045511276,3.0016925577847333,0.2525,0.2831,0.1689,0.0642,0.349,0.1587,0.4279,0.7154,0.1878,0.1497,0.7073,0.1671,0.3856,0.5263,0.3217,0.7988,0.5279,0.1516,0.4265,0.5557,Nonpass
262,236422.0,60 or over,Asian (not Hispanic or Latino),Male,-2753.6911692766694,3.0281305090917456,0.8413,0.7169,0.6147,0.7692,0.5561,0.5,0.9655,0.7652,0.0686,0.9768,0.0345,0.5524,0.9201,0.9609,0.8228,0.4966,0.5831,0.6157,0.9026,0.0721,Nonpass
264,236460.0,30-39,White (not Hispanic or Latino),Male,-803.9026777808263,4.0506551600943785,0.8783,0.5327,0.9088,0.9237,0.2294,0.5987,0.8623,0.9322,0.4463,0.6834,0.6419,0.7932,0.6237,0.7937,0.7563,0.3331,0.4721,0.8112,0.8667,0.2546,Nonpass
265,236508.0,50-59,Black or African American (not Hispanic or Latino),Male,-6541.579423882419,3.9373496544928974,0.2023,0.5971,0.8203,0.4475,0.1371,0.3085,0.5,0.7154,0.3316,0.2549,0.5721,0.0493,0.529,0.6003,0.0526,0.2602,0.6367,0.1888,0.6444,0.5557,Nonpass
266,236524.0,60 or over,Black or African American (not Hispanic or Latino),Female,-1368.3473006566758,2.7561972956481915,0.6306,0.4029,0.294,0.5166,0.2862,0.2266,0.1377,0.5429,0.2791,0.3193,0.4279,0.2897,0.6687,0.6003,0.4085,0.3331,0.8827,0.7689,0.6444,0.6331,Nonpass
268,236689.0,20-29,White (not Hispanic or Latino),Male,-9276.657326719938,2.0773660116367174,0.0023,0.5971,0.0012,0.0018,0.0157,0.2266,0.0,0.0565,0.0014,0.6133,0.0018,0.0,0.0234,0.0224,0.0,0.9898,0.7354,0.0707,0.0015,0.9969,Pass
269,236747.0,50-59,White (not Hispanic or Latino),Male,-4816.461788437936,3.4463591302198138,0.6915,0.8567,0.9384,0.3159,0.0157,0.6915,0.2335,0.6032,0.037,0.3193,0.7665,0.6576,0.6687,0.6003,0.0824,0.6607,0.3633,0.6705,0.6444,0.3228,Nonpass
270,236768.0,40-49,White (not Hispanic or Latino),Male,3004.469638852468,2.809073198262216,0.0912,0.2303,0.0846,0.38,0.1021,0.0401,0.1377,0.1307,0.3877,0.1099,0.1377,0.135,0.2969,0.0748,0.032,0.8962,0.6367,0.1197,0.0974,0.7704,Nonpass
271,236813.0,20-29,White (not Hispanic or Latino),Male,-1029.8085008065104,3.0658990109589057,0.0912,0.4673,0.0366,0.7131,0.2294,0.0062,0.0,0.5429,0.037,0.3896,0.2927,0.0013,0.1849,0.0748,0.0824,0.9294,0.7791,0.6157,0.008,0.7704,Nonpass
272,236965.0,30-39,White (not Hispanic or Latino),Male,-2279.615476342615,0.7753544468170985,0.6915,0.5971,0.9088,0.7692,0.6893,0.9599,0.9655,0.6032,0.9654,0.1981,0.8183,0.7519,0.9006,0.7937,0.5,0.0169,0.6878,0.5,0.8228,0.1038,Pass
273,237116.0,20-29,White (not Hispanic or Latino),Male,-1722.3695534288258,3.9411265046796133,0.3085,0.1433,0.5332,0.5852,0.2862,0.2266,0.0729,0.7154,0.0907,0.1497,0.4279,0.135,0.0664,0.2459,0.1236,0.8528,0.929,0.1888,0.3556,0.8729,Nonpass
274,237140.0,20-29,White (not Hispanic or Latino),Male,442.6959385790565,3.0130231083448815,0.7475,0.5971,0.6915,0.5852,0.1371,0.3085,0.1817,0.7154,0.1178,0.6834,0.5,0.1075,0.4326,0.2459,0.1772,0.5804,0.929,0.5585,0.0974,0.8729,Nonpass
275,237180.0,40-49,Black or African American (not Hispanic or Latino),Female,9654.718555485431,3.058345310585474,0.9522,0.341,0.9088,0.8185,1.0,0.7734,0.8984,0.9825,0.037,0.6133,1.0,1.0,0.9367,0.8432,1.0,0.2602,0.9928,1.0,0.7706,0.7704,Nonpass
276,237265.0,20-29,Other,Male,2859.646240588469,3.994002407293638,0.7977,0.9703,0.5332,0.6513,0.2294,0.6915,0.8984,0.9096,0.4463,0.3193,0.5721,0.4978,0.5769,0.8432,0.6783,0.1433,0.8529,0.8803,0.3556,0.7054,Nonpass
277,237290.0,50-59,Other,Male,8253.827812076157,3.382152677045642,0.5,0.7697,0.3694,0.8185,0.4859,0.4013,0.3581,0.4816,0.2791,0.1497,0.5,0.3383,0.5769,0.1437,0.5915,0.413,0.908,0.5585,0.3556,0.3974,Nonpass
278,237377.0,30-39,White (not Hispanic or Latino),Male,-5969.034699780644,2.0811428618234333,0.9332,0.7697,0.9749,1.0,0.8014,0.9599,0.3581,0.9322,0.0264,0.7475,0.9271,0.9496,0.3856,0.7359,0.7563,0.2602,0.9787,1.0,0.8667,0.9382,Pass
279,237378.0,50-59,Other,Female,4228.023385010885,3.0243536589050297,0.2023,0.9574,0.294,0.8607,0.4162,0.2266,0.0345,0.5429,0.3877,0.1099,0.3581,0.1075,0.1849,0.2459,0.1772,0.5804,0.5831,0.5585,0.0478,0.7054,Nonpass
280,237464.0,20-29,White (not Hispanic or Latino),Male,-1469.4853510436437,3.096113812452634,0.1587,0.2303,0.0136,0.7131,0.0061,0.0122,0.0729,0.2541,0.0907,0.3193,0.1377,0.0139,0.0405,0.1052,0.032,0.9538,0.4169,0.1888,0.032,0.9382,Nonpass
281,237516.0,20-29,White (not Hispanic or Latino),Male,-5780.704046461558,3.096113812452634,0.7475,0.1094,0.6915,0.7131,0.5561,0.2266,0.5721,0.5429,0.0184,0.3896,0.5,0.4978,0.529,0.378,0.3217,0.8528,0.4721,0.2782,0.5,0.3228,Nonpass
282,237627.0,20-29,White (not Hispanic or Latino),Female,-2800.2228986958266,2.0622586108898533,0.6306,0.4029,0.1689,0.1203,0.2862,0.0668,0.6419,0.4207,0.1501,0.3896,0.1377,0.606,0.2564,0.2459,0.3217,0.7343,0.5279,0.5,0.5,0.7054,Pass
283,237633.0,20-29,Other,Male,890.0855991655945,3.0281305090917456,0.1587,0.4029,0.5332,0.5852,0.1371,0.5,0.4279,0.5429,0.3877,0.8916,0.5721,0.0493,0.1849,0.378,0.4085,0.5804,0.6367,0.6157,0.5,0.5557,Nonpass
284,237890.0,20-29,Hispanic or Latino,Male,4130.4547967601075,4.080869961588107,0.5,0.7169,0.2266,0.5852,0.0741,0.3085,0.2927,0.5429,0.1178,0.5392,0.1377,0.0493,0.4326,0.1052,0.5,0.8962,0.6367,0.3295,0.2294,0.8729,Nonpass
285,237940.0,40-49,White (not Hispanic or Latino),Male,571.587994901579,3.0432379098386098,0.5,0.341,0.4503,0.2569,0.5561,0.1587,0.6419,0.3617,0.506,0.4638,0.4279,0.606,0.7514,0.5263,0.0824,0.7988,0.8183,0.5,0.5,0.1949,Nonpass
286,237986.0,40-49,Black or African American (not Hispanic or Latino),Male,567.6708082489642,3.096113812452634,0.6915,0.7697,0.7606,0.5852,0.7486,0.3085,0.6419,0.4207,0.506,0.804,0.5721,0.5524,0.7114,0.6003,0.1772,0.413,0.8529,0.6157,0.5,0.7054,Nonpass
287,238015.0,20-29,Asian (not Hispanic or Latino),Male,-1023.8383496411876,4.005332957853786,0.9666,0.9183,0.9974,0.9457,0.958,0.8944,0.9491,0.9501,0.3877,0.9467,0.8623,0.3898,0.9367,0.9421,0.9474,0.4966,0.9895,0.9072,0.9308,0.1949,Nonpass
288,238038.0,60 or over,White (not Hispanic or Latino),Male,402.13731998479966,5.012750208109555,0.7475,0.2831,0.0567,0.0134,0.4859,0.0401,0.1377,0.1662,0.037,0.1497,0.4279,0.4433,0.1273,0.2459,0.1236,0.9898,0.1817,0.3843,0.3556,0.8264,Nonpass
289,238116.0,40-49,Black or African American (not Hispanic or Latino),Male,8519.08171781023,3.4463591302198138,0.6915,0.341,0.9749,0.5852,0.6893,0.4013,0.8183,0.8819,0.1878,0.7475,0.8623,0.4978,0.6237,0.5263,0.4085,0.4966,0.8183,1.0,0.8228,0.4761,Nonpass
290,238140.0,20-29,Hispanic or Latino,Male,3736.854368028851,5.099617762404023,0.1217,0.659,0.0366,0.7692,0.2862,0.2266,0.1016,0.4816,0.0907,0.6133,0.0509,0.2037,0.2189,0.2459,0.3217,0.9294,0.7791,0.2782,0.1333,0.7704,Nonpass
291,238186.0,40-49,Hispanic or Latino,Male,-3800.842720616584,3.069675861145622,0.8783,0.9913,0.8203,0.9457,0.6893,0.5987,0.8623,0.6032,0.2791,0.6133,0.8183,0.8301,0.7881,0.8432,0.8228,0.1433,0.6367,0.8803,0.9026,0.3974,Nonpass
292,238194.0,20-29,Hispanic or Latino,Male,-4488.881815729958,1.0699487613809486,1.0,0.4029,1.0,1.0,0.8468,0.9332,0.8984,0.9322,0.3316,0.8916,0.8984,0.4978,0.8514,1.0,0.9474,0.6607,0.9979,1.0,0.1333,0.0721,Pass
293,238234.0,50-59,White (not Hispanic or Latino),Male,2644.4349261766906,5.061849260536863,0.0478,0.4673,0.1689,0.4475,0.0741,0.1587,0.2335,0.2541,0.3877,0.6834,0.2927,0.135,0.1849,0.1906,0.0526,0.6607,0.5831,0.1516,0.0974,0.8729,Nonpass
294,238357.0,40-49,White (not Hispanic or Latino),Male,-1653.283696808208,2.801519497888784,0.5662,0.7169,0.5332,0.7692,0.4162,0.2266,0.2927,0.7154,0.1178,0.7475,0.5,0.3383,0.529,0.671,0.4085,0.6607,0.8529,0.7218,0.6444,0.4761,Nonpass
296,240081.0,20-29,White (not Hispanic or Latino),Male,9729.260230666192,4.122415313641983,0.6306,0.4029,0.6147,0.9457,0.6246,0.1056,0.3581,0.8097,0.1878,0.2549,0.9271,0.2447,0.2189,0.1437,0.7563,0.3331,0.6367,0.7218,0.2893,0.5557,Nonpass
297,240090.0,30-39,Hispanic or Latino,Male,-9932.202532769097,1.0888330123145291,0.8413,0.9403,0.6147,0.7692,0.4162,0.8413,0.8984,0.6611,0.6792,0.6133,0.6419,0.5524,0.7114,0.378,0.7563,0.3331,0.4721,0.6705,0.8667,0.7704,Pass
298,240211.0,20-29,White (not Hispanic or Latino),Male,-3884.013136368954,3.073452711332338,0.2525,0.8906,0.6147,0.8185,0.5561,0.4013,0.5,0.6611,0.0907,0.5392,0.3581,0.3898,0.3401,0.1437,0.6783,0.4966,0.5279,0.3843,0.6444,0.7054,Nonpass
299,240236.0,20-29,Other,Male,-1749.3363850859055,4.0506551600943785,0.0334,0.7169,0.294,0.7692,0.0157,0.4013,0.0345,0.6032,0.037,0.3896,0.3581,0.0271,0.0664,0.2459,0.4085,0.4966,0.908,0.7218,0.0974,0.9382,Nonpass
300,240245.0,40-49,Black or African American (not Hispanic or Latino),Male,1802.7749551016707,3.926019103932749,0.9088,0.4673,0.9849,0.9457,0.9397,0.9599,0.9271,0.9501,0.0509,0.4638,0.9271,0.8905,0.8777,0.7937,0.9474,0.1433,0.9787,0.7689,0.8228,0.9591,Nonpass
301,240267.0,30-39,Hispanic or Latino,Male,-5283.57336639638,3.0658990109589057,0.0668,0.8567,0.6147,0.6513,0.1795,0.5,0.1377,0.7154,0.4463,0.1981,0.3581,0.0368,0.1543,0.378,0.4085,0.1965,0.8827,0.2782,0.3556,0.7054,Nonpass
302,240308.0,20-29,White (not Hispanic or Latino),Male,-1607.2185629470735,4.122415313641983,0.2525,0.1836,0.3694,0.2569,0.6246,0.1587,0.2335,0.6032,0.0009,0.9228,0.7073,0.2897,0.2564,0.3089,0.1236,0.6607,0.1173,0.3295,0.5,0.9992,Nonpass
303,240380.0,40-49,White (not Hispanic or Latino),Male,13693.420386021686,3.8504821001984286,0.0912,0.5971,0.0,1.0,0.349,0.0,0.2335,0.9096,0.8201,0.0363,0.9491,0.5524,0.0175,0.0,1.0,0.0446,0.0402,0.4415,0.0208,0.9838,Nonpass
304,240426.0,30-39,White (not Hispanic or Latino),Male,-2060.814510029738,2.028266959209409,0.0151,0.1094,0.0366,0.7131,0.0157,0.0401,0.0228,0.4816,0.1501,0.1497,0.6419,0.0842,0.2969,0.0346,0.1236,0.5804,0.3122,0.2311,0.0131,0.3974,Pass
305,240431.0,20-29,White (not Hispanic or Latino),Male,-2351.3764694413426,5.020303908482987,0.2023,0.9798,0.6915,0.8185,0.7486,0.5,0.5721,0.8487,0.4463,0.6834,0.5721,0.5524,0.2969,0.671,0.3217,0.9709,0.7791,0.8112,0.5735,0.5557,Nonpass
306,240461.0,30-39,Hispanic or Latino,Male,-8496.45882936803,1.077502461754381,0.6306,0.659,0.8697,0.1587,0.5561,0.5,0.7665,0.7652,0.1878,0.6834,0.6419,0.606,0.4807,0.7359,0.0824,0.4966,0.9705,0.7689,0.0974,0.7054,Pass
307,240520.0,Prefer Not To Say,Prefer Not To Say,Prefer not to say,-6598.9350551838725,3.09989066263935,0.9088,0.0597,0.6915,0.1587,0.8468,0.8944,0.6419,0.9501,0.0003,0.9643,0.8984,0.8626,0.6237,0.9421,0.5915,0.2602,0.9895,0.6705,0.8667,0.9099,Nonpass
308,240525.0,50-59,White (not Hispanic or Latino),Male,-1223.2492767848962,2.9563703555441414,0.7475,0.659,0.4503,0.38,0.6893,0.5987,0.3581,0.6032,0.2309,0.4638,0.5721,0.606,0.6687,0.378,0.2437,0.5804,0.5279,0.1516,0.1772,0.6331,Nonpass
309,240635.0,20-29,Other,Female,2550.1748621751576,3.895804302439021,0.1217,0.4029,0.5332,0.0642,0.5561,0.0401,0.0729,0.6032,0.0509,0.3193,0.2927,0.1075,0.0835,0.1052,0.4085,0.5804,0.4721,0.6705,0.0692,0.9099,Nonpass
310,240708.0,40-49,Other,Male,-4346.524451096489,1.0850561621278128,0.3694,0.2831,0.2266,0.0309,0.1021,0.3085,0.0228,0.7652,0.0085,0.9467,0.1817,0.2447,0.0033,0.0517,0.032,0.4966,0.9928,0.3843,0.1772,0.8729,Pass
311,240752.0,30-39,Hispanic or Latino,Male,7789.483892307933,3.016799958531598,0.9522,0.2303,0.9599,0.9237,0.8468,0.6915,0.8623,0.4816,0.8201,0.8916,0.6419,0.7065,0.9201,0.5263,0.8228,0.5804,0.5831,0.6157,0.7706,0.0721,Nonpass
312,240881.0,60 or over,White (not Hispanic or Latino),Male,-6484.209491266437,1.756333745765855,0.3694,0.1836,0.8203,0.0451,0.1371,0.6915,0.5,0.4207,0.0009,0.6133,0.5721,0.4978,0.2969,0.4513,0.0,0.7343,0.9461,0.0041,0.6444,0.5557,Pass
313,240934.0,20-29,Black or African American (not Hispanic or Latino),Female,-6405.828341329196,1.0095191583934926,0.6306,0.1433,0.8697,0.5166,0.349,0.5,0.0729,0.6611,0.0907,0.4638,0.9271,0.4433,0.4326,0.6003,0.2437,0.5804,0.908,0.7218,0.4265,0.8729,Pass
314,240941.0,60 or over,Asian (not Hispanic or Latino),Male,-1514.8726698894432,4.66527999093168,0.5662,0.5971,0.5332,0.2043,0.349,0.5987,0.3581,0.6611,0.0907,0.9228,0.7665,0.606,0.1849,0.8841,0.4085,0.7988,0.7354,0.8112,0.8228,0.3974,Nonpass
315,241010.0,50-59,White (not Hispanic or Latino),Male,2759.9503882146346,3.054568460398758,0.7475,0.8164,0.6915,0.5166,0.6893,0.2266,0.2335,0.3617,0.2791,0.3896,0.3581,0.1075,0.4807,0.378,0.3217,0.4966,0.6367,0.5,0.4265,0.8264,Nonpass
316,241032.0,30-39,White (not Hispanic or Latino),Male,-5644.205206016934,1.077502461754381,0.6915,0.659,0.6915,0.5852,0.5561,0.4013,0.3581,0.3617,0.1178,0.5392,0.3581,0.4433,0.7114,0.1906,0.4085,0.7988,0.3633,0.2782,0.3556,0.5557,Pass
317,241038.0,60 or over,White (not Hispanic or Latino),Male,-3033.351792613371,3.096113812452634,0.2525,0.8567,0.0006,0.7131,0.8468,0.1587,0.8183,0.5429,0.4463,0.0541,0.3581,0.2897,0.1273,0.0086,0.5,0.5804,0.0539,0.8484,0.5,0.1038,Nonpass
318,241078.0,60 or over,Asian (not Hispanic or Latino),Male,-7846.958134818239,0.933982154659172,0.1217,0.8164,0.5332,0.38,0.036,0.6915,0.3581,0.4816,0.0264,0.6834,0.5721,0.0196,0.0522,0.378,0.8228,0.7343,0.7354,0.4415,0.032,0.8264,Pass
319,241118.0,40-49,White (not Hispanic or Latino),Male,9248.474784335749,3.46902023134011,0.5,0.2831,0.294,0.7131,0.4162,0.2266,0.0345,0.6611,0.6237,0.4638,0.4279,0.3898,0.3401,0.0517,0.2437,0.1965,0.7354,0.4415,0.3556,0.2546,Nonpass
320,241120.0,30-39,White (not Hispanic or Latino),Male,1562.8355071290223,2.035820659582841,0.4338,0.4673,0.0078,0.7692,0.4859,0.0,0.009,0.2541,0.1178,0.3896,0.5,0.2037,0.0835,0.0748,0.1236,0.6607,0.071,0.2782,0.1333,0.9738,Pass
321,241202.0,20-29,Asian (not Hispanic or Latino),Male,-1883.8809005946723,2.960147205730857,0.4338,0.4673,0.5332,0.7692,0.2862,0.7734,0.8984,0.1307,0.1178,0.8916,0.7665,0.0842,0.3401,0.671,0.3217,0.8962,0.7791,0.3295,0.7107,0.3974,Nonpass
322,241222.0,50-59,Other,Male,9966.800500004265,4.854122500267481,0.1587,0.8906,0.8203,0.5166,0.4162,0.0668,0.2335,0.3617,0.0085,0.6834,0.2927,0.2897,0.0093,0.4513,0.5,0.2602,0.7791,0.0198,0.0974,0.8729,Nonpass
323,241243.0,30-39,Asian (not Hispanic or Latino),Male,-2557.2100945033303,3.06212216077219,0.7977,0.7697,0.6915,0.7692,0.8468,0.4013,0.1377,0.8097,0.1878,0.6133,0.7665,0.2447,0.4807,0.1906,0.6783,0.6607,0.7354,0.5,0.5735,0.4761,Nonpass
324,241263.0,50-59,White (not Hispanic or Latino),Male,2622.18456088511,4.0506551600943785,0.3085,0.4673,0.0567,0.8607,0.6893,0.0062,0.3581,0.3617,0.5656,0.3193,0.3581,0.4433,0.0234,0.0141,0.8228,0.1008,0.3633,0.7218,0.2893,0.9738,Nonpass
325,241313.0,20-29,White (not Hispanic or Latino),Male,-184.35400475681078,2.0773660116367174,0.0478,0.4673,0.3694,0.3159,0.349,0.0122,0.0018,0.4816,0.0184,0.3896,0.1377,0.0271,0.0664,0.1906,0.0824,0.9538,0.7791,0.1888,0.0974,0.9838,Pass
326,241359.0,Prefer Not To Say,Prefer Not To Say,Prefer not to say,4130.468724341204,3.0470147600253257,0.2023,0.5971,0.8203,0.5166,0.4859,0.6915,0.4279,0.4816,0.4463,0.5392,0.1817,0.3898,0.2189,0.4513,0.5915,0.9538,0.7354,0.4415,0.5,0.8264,Nonpass
327,241460.0,20-29,Hispanic or Latino,Male,855.9431102320866,3.077229561519054,0.0,0.9945,0.294,0.9237,0.6893,0.1587,0.5,0.4816,0.0184,0.1497,0.5721,0.0045,0.001,0.2459,0.5915,0.413,0.2209,0.8112,0.1333,0.9998,Nonpass
328,241540.0,30-39,Black or African American (not Hispanic or Latino),Male,-3384.4714980622416,3.08100641170577,0.3085,0.8164,0.2266,0.6513,0.349,0.3085,0.1016,0.6032,0.0056,0.8521,0.2335,0.1075,0.1543,0.1906,0.4085,0.9969,0.3633,0.4415,0.1772,0.7054,Nonpass
330,241633.0,30-39,Hispanic or Latino,Female,2111.1238769389993,3.08100641170577,0.7475,0.1094,0.4503,0.2569,0.01,0.5,0.4279,0.7652,0.3877,0.1981,0.4279,0.0097,0.7514,0.4513,0.3217,0.6607,0.7354,0.6157,0.3556,0.7704,Nonpass
331,241673.0,20-29,Other,Male,1065.3608155401384,4.073316261214675,0.9522,0.2303,0.3694,0.8956,0.349,0.4013,0.7665,0.3058,0.2791,0.8521,0.8984,0.8905,0.8215,0.4513,0.0526,0.3331,0.7354,0.6157,0.5,0.1038,Nonpass
332,241715.0,30-39,White (not Hispanic or Latino),Male,-8850.810944677987,1.073725611567665,0.0334,0.8164,0.0043,0.0206,0.1795,0.4013,0.0,0.9322,0.0509,0.1099,0.4279,0.2897,0.031,0.1052,0.0006,0.413,0.908,0.8803,0.0131,0.4761,Pass
333,241812.0,60 or over,White (not Hispanic or Latino),Female,2727.778414600275,3.069675861145622,0.4338,0.2831,0.2266,0.38,0.5561,0.0062,0.2335,0.4207,0.506,0.0363,0.6419,0.5524,0.4326,0.3089,0.0824,0.5804,0.5831,0.3843,0.2294,0.3228,Nonpass
334,242570.0,30-39,Asian (not Hispanic or Latino),Male,5432.361626365299,5.133609414084468,0.6915,0.5327,0.9749,0.9457,0.6893,0.0668,0.4279,0.6611,0.0056,0.9228,0.6419,0.4978,0.3856,0.5263,0.7563,0.5804,0.8529,0.6705,0.5735,0.9904,Nonpass
335,242688.0,60 or over,White (not Hispanic or Latino),Male,-7273.839653237734,2.8959407525566845,0.1587,0.341,0.4503,0.2043,0.2294,0.3085,0.3581,0.2541,0.1178,0.4638,0.1817,0.5524,0.1037,0.4513,0.0186,0.8962,0.7354,0.3295,0.4265,0.8264,Nonpass
337,242854.0,20-29,White (not Hispanic or Latino),Female,2233.1568908633276,4.077093111401391,0.5662,0.5327,0.3694,0.5166,0.5561,0.4013,0.4279,0.5429,0.2791,0.6834,0.1377,0.3898,0.3856,0.1906,0.3217,0.8528,0.6367,0.2782,0.2893,0.9099,Nonpass
338,242985.0,40-49,White (not Hispanic or Latino),Male,4353.544073233474,5.042965009603282,0.9088,0.0597,0.9974,0.5852,0.5561,0.9599,0.9655,0.9501,0.7781,0.9768,0.9655,0.9336,0.1543,0.671,0.8764,0.4966,0.8183,0.6705,1.0,0.1949,Nonpass
339,243005.0,40-49,Asian (not Hispanic or Latino),Female,276.1558644507915,4.103531062708402,0.3085,0.8906,0.3694,0.089,0.349,0.5,0.1016,0.5429,0.1878,0.3193,0.4279,0.0067,0.2969,0.671,0.1772,0.413,0.7791,0.6157,0.4265,0.3974,Nonpass
341,243080.0,30-39,Black or African American (not Hispanic or Latino),Female,4362.381925416605,2.0547049105164215,0.4338,0.659,0.5332,0.38,0.0241,0.5,0.8183,0.5429,0.3877,0.6133,0.7665,0.135,0.7881,0.671,0.3217,0.8528,0.9849,0.6705,0.0974,0.6331,Pass
342,243197.0,30-39,White (not Hispanic or Latino),Male,3346.1871846389663,5.084510361657159,0.4338,0.7697,0.4503,0.5852,0.0741,0.6915,0.0729,0.9825,0.037,0.0363,0.8183,0.2897,0.0835,0.5263,0.1772,0.5804,0.8529,0.8484,0.2893,0.0721,Nonpass
343,243300.0,40-49,Black or African American (not Hispanic or Latino),Male,22402.314036549065,4.94099005456195,0.0228,0.4029,0.3694,0.5852,0.1021,0.1587,0.0729,0.2074,0.1178,0.2549,0.0729,0.1671,0.1273,0.0517,0.2437,0.9294,0.4721,0.0707,0.0478,0.9382,Nonpass
344,243338.0,40-49,White (not Hispanic or Latino),Male,-5686.210757552066,0.9150979037255915,0.5,0.9403,0.8203,0.0642,0.5561,0.8413,0.7665,0.7652,0.0036,0.9467,0.8183,0.8301,0.7114,0.6003,0.4085,0.3331,0.7791,0.6157,0.5,0.3228,Pass
345,243390.0,50-59,White (not Hispanic or Latino),Male,-3433.2076692884493,4.126192163828699,0.3694,0.4673,0.8697,0.38,0.4162,0.5987,0.7665,0.4816,0.0509,0.6834,0.2335,0.3898,0.3401,0.5263,0.5,0.5804,0.4169,0.3295,0.5,0.8264,Nonpass
346,243472.0,40-49,Hispanic or Latino,Female,-1058.4238118629048,3.699408092729788,0.5,0.4673,0.6147,0.4475,0.2862,0.1056,0.1377,0.2541,0.0907,0.4638,0.5,0.1075,0.2564,0.4513,0.1236,0.8962,0.8529,0.3843,0.4265,0.3974,Nonpass
347,243592.0,20-29,Hispanic or Latino,Female,1374.111393527927,3.0319073592784616,0.3694,0.659,0.3694,0.7131,0.0741,0.3085,0.4279,0.4816,0.0184,0.4638,0.3581,0.3898,0.2564,0.378,0.1772,0.4966,0.6367,0.2782,0.5,0.7054,Nonpass
348,243598.0,40-49,Asian (not Hispanic or Latino),Male,6063.5033663885115,4.94099005456195,0.6915,0.7169,0.9384,0.7692,0.0523,0.5987,0.2927,0.8487,0.7309,0.804,0.5721,0.1671,0.5769,0.9168,0.8764,0.1965,0.9598,0.6705,0.4265,0.1446,Nonpass
349,244059.0,50-59,White (not Hispanic or Latino),Male,6480.831447437272,4.03932460953423,0.0023,0.659,0.2266,0.089,0.0037,0.7734,0.5721,0.7652,0.0085,0.6834,0.2335,0.0139,0.4807,0.6003,0.7563,0.1965,0.8529,0.7689,0.008,0.8264,Nonpass
352,244460.0,60 or over,White (not Hispanic or Latino),Male,-4153.867175346043,3.5030118830205543,0.5,0.5971,0.6147,0.1587,0.349,0.5,0.1377,0.4816,0.4463,0.3193,0.1016,0.0368,0.4807,0.0748,0.1236,0.9294,0.4721,0.2311,0.1772,0.9382,Nonpass
353,244605.0,50-59,White (not Hispanic or Latino),Male,1522.3211865003568,5.103394612590739,0.3085,0.341,0.294,0.3159,0.2294,0.1056,0.1817,0.7652,0.1178,0.6834,0.2927,0.6576,0.4326,0.1437,0.2437,0.4966,0.8529,0.5,0.3556,0.8264,Nonpass
354,244644.0,20-29,White (not Hispanic or Latino),Female,-851.1360570556127,3.0658990109589057,0.4338,0.1836,0.4503,0.7692,0.9155,0.3085,0.2335,0.9501,0.6792,0.3193,0.8984,0.5524,0.5769,0.3089,0.8764,0.1008,0.7791,0.2782,0.4265,0.4761,Nonpass
355,244653.0,30-39,White (not Hispanic or Latino),Female,2134.471333390743,3.842928399824997,0.3694,0.5971,0.1689,0.3159,0.1021,0.0122,0.0228,0.2541,0.037,0.1981,0.1016,0.0842,0.2969,0.1437,0.0824,0.6607,0.8529,0.0707,0.1333,0.7054,Nonpass
356,244737.0,50-59,White (not Hispanic or Latino),Male,300.5116532801726,4.111084763081835,0.2023,0.4673,0.3694,0.2043,0.4162,0.0401,0.1377,0.5429,0.4463,0.0783,0.1016,0.2897,0.2189,0.3089,0.3217,0.4966,0.7791,0.5,0.0131,0.5557,Nonpass
357,244843.0,30-39,Prefer Not To Say,Male,2194.8916924814594,3.096113812452634,0.0912,0.7169,0.1217,0.5852,0.349,0.0122,0.0509,0.4816,0.3316,0.1981,0.6419,0.4978,0.3856,0.0,0.1236,0.7988,0.1471,0.6157,0.1333,0.3228,Nonpass
358,244858.0,40-49,White (not Hispanic or Latino),Male,5764.470481542927,5.084510361657159,0.9088,0.0087,0.9088,0.7692,0.8848,0.9332,0.7665,0.1008,0.5656,0.6133,0.5721,0.9496,0.9616,0.7359,0.3217,0.4966,0.8183,0.7218,0.9026,0.1949,Nonpass
359,244944.0,30-39,Prefer Not To Say,Male,-884.5779411122252,3.1036675128260662,0.1217,0.4029,0.0846,0.7692,0.4859,0.1587,0.1016,0.3058,0.0184,0.7475,0.2927,0.0842,0.0835,0.3089,0.6783,0.9294,0.2209,0.0093,0.1333,0.9838,Nonpass
361,246176.0,60 or over,White (not Hispanic or Latino),Male,1375.0261544956215,4.02044035860065,0.2023,0.7169,0.4503,0.8607,0.2862,0.0002,0.0146,0.8097,0.3877,0.0363,0.6419,0.0493,0.529,0.7359,0.8764,0.6607,0.908,0.5585,0.3556,0.4761,Nonpass
362,246426.0,50-59,Black or African American (not Hispanic or Latino),Male,-2239.861596018683,3.6465321901157637,1.0,0.9183,1.0,0.8956,0.8468,0.8944,0.0729,0.7652,0.6237,0.8521,1.0,0.3898,0.9779,0.9609,0.5,0.2602,0.9598,1.0,0.7706,0.3974,Nonpass
363,246518.0,60 or over,Asian (not Hispanic or Latino),Male,506.7672258860196,3.306615673311321,0.8783,0.0597,0.3694,0.7692,0.0157,0.5987,0.4279,0.6611,0.2309,0.3193,0.5,0.7932,0.1543,0.378,0.1236,0.8528,0.8827,0.2311,0.0478,0.8264,Nonpass
364,246542.0,20-29,White (not Hispanic or Latino),Male,-3105.14689092907,3.088560112079202,0.3085,0.8567,0.7606,0.38,0.1795,0.1056,0.1377,0.6611,0.0509,0.3193,0.7073,0.3898,0.2969,0.378,0.2437,0.4966,0.7354,0.5585,0.1333,0.5557,Nonpass
365,246558.0,40-49,White (not Hispanic or Latino),Male,-1595.969380746204,3.054568460398758,0.3694,0.9945,0.9088,1.0,1.0,0.1587,0.8623,0.5429,0.0056,0.1099,0.8183,0.8626,0.529,0.9609,1.0,0.0683,0.8827,0.4415,0.8228,0.9904,Nonpass
366,246561.0,20-29,Prefer Not To Say,Male,246.5420576312815,3.06212216077219,0.9522,0.9703,1.0,0.9457,0.8014,1.0,1.0,0.9096,0.6237,1.0,0.9491,0.2897,0.8777,0.9168,0.9176,0.1008,0.7791,1.0,0.9308,0.3228,Nonpass
367,246573.0,60 or over,White (not Hispanic or Latino),Male,-1791.169032888235,1.86586240118062,0.0478,0.8906,0.3694,0.0052,0.0741,0.2266,0.2335,0.4207,0.0126,0.2549,0.4279,0.3898,0.0664,0.2459,0.0824,0.7988,0.5279,0.0707,0.1333,0.3974,Pass
368,246588.0,60 or over,White (not Hispanic or Latino),Male,-5943.626335321463,2.450272430524193,0.2525,0.1094,0.2266,0.0134,0.0741,0.0228,0.0729,0.1307,0.0907,0.3193,0.0729,0.3383,0.3401,0.1437,0.0186,0.9969,0.4169,0.0388,0.1772,0.7704,Pass
369,246671.0,50-59,Black or African American (not Hispanic or Latino),Male,3946.3970313977698,2.9450398049839928,0.6306,0.9183,0.9088,0.9237,0.8014,0.7734,0.6419,0.3058,0.7781,0.3193,0.2927,0.4433,0.4807,0.7359,0.8764,0.5804,0.8529,0.5,0.6444,0.9099,Nonpass
370,246713.0,50-59,White (not Hispanic or Latino),Female,4916.933544097232,4.850345650080765,0.1217,0.659,0.1217,0.089,0.036,0.0401,0.0509,0.1307,0.506,0.1497,0.0228,0.3383,0.1849,0.0029,0.2437,0.9898,0.2209,0.7689,0.032,0.8729,Nonpass
371,246722.0,40-49,White (not Hispanic or Latino),Female,260.264198449861,5.024080758669703,0.8783,0.1836,0.6147,0.5166,0.5561,0.5,0.8183,0.0565,0.3877,0.8916,0.8183,0.7519,0.5769,0.5263,0.5,0.6607,0.3122,0.5,0.7107,0.3974,Nonpass
372,246750.0,60 or over,Black or African American (not Hispanic or Latino),Male,569.8518874719608,2.9828083068511533,0.9666,0.4673,0.7606,0.1587,0.6246,0.3085,0.8183,0.3058,0.6237,0.6133,0.9655,0.9141,0.9707,0.4513,0.032,0.5804,0.5279,0.7218,0.7706,0.3228,Nonpass
373,246834.0,Prefer Not To Say,Prefer Not To Say,Prefer not to say,1932.0151532529383,5.126055713711035,0.1217,0.4673,0.6147,0.8956,0.1021,0.1056,0.1377,0.6032,0.2309,0.3896,0.8183,0.065,0.0405,0.4513,0.6783,0.9538,0.908,0.2782,0.1333,0.9969,Nonpass
374,246839.0,40-49,White (not Hispanic or Latino),Male,2275.7737138991442,4.771031796159729,0.3085,0.9403,0.294,0.5166,0.349,0.5987,0.7073,0.3617,0.506,0.1981,0.5721,0.2037,0.5769,0.4513,0.5915,0.7343,0.4169,0.5585,0.5,0.4761,Nonpass
375,246845.0,20-29,Black or African American (not Hispanic or Latino),Female,2831.8116711047987,4.05820886046781,0.3694,0.2831,0.4503,0.6513,0.349,0.5,0.7073,0.8819,0.3877,0.8916,0.9491,0.2897,0.8514,0.2459,0.6783,0.1965,0.7791,0.0928,0.1333,0.7054,Nonpass
376,246881.0,Prefer Not To Say,Prefer Not To Say,Prefer not to say,-1054.1728237576617,3.073452711332338,0.4338,0.5327,0.5332,0.2043,0.349,0.7734,0.3581,0.9501,0.2309,0.2549,0.6419,0.135,0.3856,0.1906,0.7563,0.1433,0.929,0.6705,0.5,0.7054,Nonpass
377,246905.0,60 or over,White (not Hispanic or Latino),Male,-6086.152529418593,3.2537397706972966,0.9088,0.5327,0.294,0.3159,0.4162,0.0401,0.0228,0.0411,0.1878,0.1981,0.0729,0.4978,0.8514,0.4513,0.0186,0.9998,0.929,0.0928,0.3556,0.5557,Nonpass
378,246978.0,50-59,Hispanic or Latino,Male,6290.645128072229,4.782362346719877,0.4338,0.4029,0.0567,0.7692,0.2862,0.1587,0.5721,0.6611,0.5656,0.6133,0.4279,0.065,0.529,0.2459,0.3217,0.4966,0.1471,0.3295,0.0692,0.1446,Nonpass
379,246991.0,20-29,Hispanic or Latino,Male,1941.9598964918391,3.073452711332338,0.8413,0.2831,0.8697,0.4475,0.4859,0.5987,0.5,0.3617,0.3877,0.804,0.2927,0.2447,0.7514,0.378,0.0824,0.4966,0.8183,0.2782,0.6444,0.2546,Nonpass
380,247050.0,60 or over,White (not Hispanic or Latino),Male,-7854.165781502877,2.7108750934075996,0.6915,0.2303,0.4503,0.5852,0.5561,0.4013,0.2335,0.5429,0.1878,0.3193,0.4279,0.7065,0.2969,0.3089,0.1772,0.9898,0.7354,0.3843,0.3556,0.5557,Nonpass
381,247143.0,40-49,Other,Female,-1542.0948895658903,2.0962502625702975,1.0,0.9913,0.9088,0.7131,0.4162,0.9599,0.9655,0.9322,0.9522,0.8521,0.8984,0.7519,0.9707,0.9609,0.9474,0.1433,0.6878,0.9293,1.0,0.0197,Pass
382,247241.0,40-49,White (not Hispanic or Latino),Male,-398.31050161375083,3.0356842094651775,0.0668,0.4673,0.294,0.38,0.1795,0.1587,0.1377,0.8097,0.0686,0.6834,0.0729,0.0842,0.0405,0.0748,0.2437,0.6607,0.7354,0.2311,0.0974,0.3974,Nonpass
383,247326.0,20-29,Asian (not Hispanic or Latino),Male,4030.8065539616837,5.058072410350147,0.8783,0.5971,0.3694,0.9237,0.5561,0.5987,0.9655,0.9641,0.9754,0.5392,1.0,0.8905,0.9006,0.7937,0.9474,0.0683,0.929,0.9293,0.8667,0.5557,Nonpass
384,247398.0,20-29,Black or African American (not Hispanic or Latino),Female,-4047.275326198567,2.9865851570378696,1.0,0.2831,0.9974,0.7692,0.958,0.9599,0.9655,0.6611,0.6237,0.8521,0.8183,0.9336,0.9367,0.9609,0.8764,0.2602,0.9968,0.9072,0.8228,0.6331,Nonpass
385,247433.0,40-49,Black or African American (not Hispanic or Latino),Male,-950.0748698100108,3.096113812452634,0.9088,0.341,0.3694,0.4475,0.6246,0.0062,0.5,0.3058,0.0264,0.3896,0.6419,0.3898,0.3401,0.378,0.1772,0.9824,0.8529,0.5585,0.2893,0.8729,Nonpass
386,247464.0,50-59,Hispanic or Latino,Male,2060.7509064400915,3.114998063386214,0.3694,0.5327,0.1689,0.5852,0.1371,0.2266,0.0228,0.3617,0.1501,0.3193,0.1817,0.606,0.2189,0.0517,0.1236,0.4966,0.5279,0.3843,0.1333,0.6331,Nonpass
387,247593.0,20-29,Hispanic or Latino,Female,4963.08263415912,4.126192163828699,0.9088,0.1433,0.9599,0.9237,0.7486,0.7734,0.6419,0.6032,0.7781,0.7475,0.8623,0.4978,0.9707,0.8841,0.8228,0.1965,0.7354,0.9072,0.8667,0.0314,Nonpass
388,247605.0,30-39,Asian (not Hispanic or Latino),Male,5575.348234366491,5.061849260536863,0.5662,0.1094,0.294,0.5166,0.2862,0.0401,0.2927,0.6032,0.0907,0.5392,0.6419,0.1671,0.3856,0.378,0.1236,0.8528,0.8183,0.5585,0.5735,0.7054,Nonpass
389,247707.0,50-59,White (not Hispanic or Latino),Female,5277.344052285441,3.918465403559317,0.6915,0.341,0.3694,0.4475,0.349,0.2266,0.1016,0.6032,0.1878,0.2549,0.7073,0.2897,0.3401,0.2459,0.0824,0.4966,0.6878,0.6157,0.5,0.3974,Nonpass
391,247810.0,60 or over,Black or African American (not Hispanic or Latino),Male,312.51480534202983,2.8921639023699686,0.4338,0.4029,0.6147,0.4475,0.1795,0.1587,0.0729,0.1307,0.0907,0.3193,0.6419,0.5524,0.0047,0.4513,0.4085,0.7343,0.6878,0.1516,0.5,0.3228,Nonpass
392,247841.0,40-49,Black or African American (not Hispanic or Latino),Female,-4648.92074424753,3.084783261892486,0.7977,0.2831,0.5332,0.8185,0.4162,0.4013,0.7073,0.5429,0.6237,0.7475,0.5721,0.135,0.9006,0.6003,0.6783,0.4966,0.7791,0.1888,0.3556,0.2546,Nonpass
393,247940.0,20-29,Black or African American (not Hispanic or Latino),Male,-677.533563621206,3.0658990109589057,0.0668,0.2831,0.1689,0.38,0.2294,0.1587,0.009,0.3617,0.3316,0.1099,0.5,0.1075,0.0234,0.3089,0.6783,0.2602,0.7791,0.2782,0.1333,0.9904,Nonpass
394,247951.0,20-29,Asian (not Hispanic or Latino),Male,2873.853344926295,4.107307912895118,0.3085,0.659,0.5332,0.5852,0.1795,0.1056,0.0509,0.8819,0.1501,0.1099,0.5,0.0493,0.1543,0.0346,0.2437,0.6607,0.9461,0.5585,0.5,0.6331,Nonpass
395,247952.0,50-59,Hispanic or Latino,Female,857.7868221331942,2.533363134631946,0.0912,0.2831,0.1689,0.0309,0.036,0.0668,0.009,0.2541,0.1178,0.009,0.0345,0.1075,0.0047,0.5263,0.032,0.4966,0.4169,0.2782,0.0974,0.9099,Pass
396,247958.0,30-39,White (not Hispanic or Latino),Female,4610.397966209073,5.088287211843875,0.2525,0.2831,0.0567,0.1587,0.1371,0.3085,0.3581,0.1662,0.506,0.2549,0.2335,0.4978,0.5769,0.2459,0.0824,0.9538,0.5279,0.5,0.1772,0.1446,Nonpass
397,247968.0,50-59,White (not Hispanic or Latino),Female,5392.712001970747,3.948680205053045,0.3694,0.8567,0.8203,0.8185,0.5561,0.9332,0.8623,0.7652,0.9522,0.9228,0.7665,0.7519,0.6237,0.4513,0.9176,0.4966,0.7791,0.4415,0.7107,0.6331,Nonpass
398,248651.0,50-59,White (not Hispanic or Latino),Male,8745.386687791355,3.9411265046796133,0.8783,0.7169,0.9384,0.2043,0.7486,0.5987,0.8984,0.4207,0.4463,0.9467,0.9655,0.3898,0.7881,0.8432,0.8764,0.4966,0.9461,0.8112,0.9026,0.3974,Nonpass
399,248697.0,20-29,Other,Male,2697.3135839571296,5.133609414084468,0.5,0.9403,0.9088,0.9237,0.9397,0.4013,0.5721,0.9322,0.3316,0.5392,0.9491,0.3383,0.4326,0.5263,0.8764,0.0683,0.4721,0.9293,0.7706,0.8264,Nonpass
400,248741.0,20-29,White (not Hispanic or Latino),Male,-4410.12241474994,2.888387052183252,0.8783,0.0817,0.7606,0.4475,0.2294,0.8413,0.7073,0.4816,0.7781,0.0148,0.7073,0.7065,0.7881,0.1052,0.5,0.2602,0.929,0.0928,0.3556,0.3228,Nonpass
401,248753.0,20-29,White (not Hispanic or Latino),Male,-2880.149673883249,3.111221213199498,0.0151,0.659,0.3694,0.8607,0.036,0.4013,0.0729,0.7154,0.0126,0.1981,0.0509,0.0,0.0023,0.5263,0.7563,0.1433,0.8827,0.1197,0.0478,0.9969,Nonpass
402,248783.0,20-29,Prefer Not To Say,Male,-4950.540085851587,3.054568460398758,0.6915,0.0817,0.6915,0.7692,0.1371,0.8413,0.0228,0.7652,0.0056,0.7475,0.5,0.065,0.0234,0.3089,0.1772,0.7343,0.9461,0.8803,0.7107,0.8729,Nonpass
403,248828.0,60 or over,Hispanic or Latino,Male,-5829.096037149703,3.661639590862628,0.6306,0.2831,0.1689,0.4475,0.4859,0.0401,0.0729,0.3617,0.1501,0.3193,0.1377,0.0842,0.529,0.1052,0.2437,0.9943,0.3122,0.8484,0.2893,0.1949,Nonpass
404,248846.0,20-29,Hispanic or Latino,Female,594.6885308615202,2.0849197120101497,0.0912,0.1836,0.1217,0.089,0.036,0.1056,0.0509,0.1307,0.0907,0.1981,0.1016,0.1075,0.3856,0.0748,0.0054,0.9824,0.7354,0.2311,0.0478,0.9591,Pass
405,248913.0,40-49,White (not Hispanic or Latino),Male,3677.2903654536685,4.122415313641983,0.0228,0.8164,0.0228,0.8607,0.0741,0.0401,0.1817,0.7652,0.6237,0.1981,0.4279,0.2897,0.3856,0.0346,0.5915,0.1008,0.7791,0.5585,0.2893,0.7704,Nonpass
406,248948.0,20-29,Hispanic or Latino,Female,-6540.947054094281,3.058345310585474,0.8413,0.9703,0.9384,0.8607,0.5561,0.9599,0.9655,0.8487,0.6237,0.4638,0.7073,0.7932,0.9367,0.7359,0.8764,0.2602,0.929,1.0,0.9026,0.6331,Nonpass
407,248979.0,Prefer Not To Say,Prefer Not To Say,Prefer not to say,-4375.6413218014495,1.9640605060352367,0.2525,0.4673,0.4503,0.7131,0.2294,0.5,0.5,0.1662,0.6237,0.7475,0.2335,0.065,0.7514,0.2459,0.2437,0.5804,0.929,0.2782,0.5,0.8729,Pass
408,249064.0,30-39,Asian (not Hispanic or Latino),Male,-927.3673265665572,3.114998063386214,0.9088,0.7169,0.3694,0.8185,0.1795,0.9332,0.9271,0.9501,0.2791,0.804,0.8623,0.4978,0.7514,0.6003,0.6783,0.5804,0.7791,0.8803,0.7706,0.3228,Nonpass
409,249261.0,20-29,White (not Hispanic or Latino),Male,4790.504312975042,3.114998063386214,0.0912,0.7697,0.6915,0.7131,0.1795,0.1056,0.2335,0.6032,0.0509,0.0363,0.8183,0.1671,0.1273,0.378,0.5,0.0169,0.7354,0.6157,0.5735,0.8729,Nonpass
411,249819.0,Prefer Not To Say,Prefer Not To Say,Prefer not to say,-439.76573436279824,4.111084763081835,1.0,0.8567,0.9749,0.8185,0.2862,0.9599,0.8183,0.0139,0.8201,0.804,0.8623,0.9141,0.9006,0.9421,0.2437,0.0683,0.0295,0.8112,0.9308,0.0721,Nonpass
413,250771.0,20-29,Hispanic or Latino,Female,1290.3677508388082,3.111221213199498,0.4338,0.4029,0.2266,0.3159,0.2862,0.5,0.2335,0.4207,0.0509,0.1497,0.7073,0.2897,0.6687,0.378,0.0824,0.413,0.8183,0.7689,0.0974,0.8264,Nonpass
414,253134.0,30-39,Hispanic or Latino,Female,12079.38270253966,5.088287211843875,0.7977,0.2831,0.4503,0.1587,0.0523,0.7734,0.8183,0.2541,0.506,0.3193,0.2927,0.0368,0.5769,0.671,0.1772,0.9538,0.4721,0.3295,0.6444,0.5557,Nonpass
415,253683.0,20-29,Black or African American (not Hispanic or Latino),Male,8966.640368816477,5.058072410350147,0.6915,0.8164,0.4503,0.8185,0.6246,0.9599,0.3581,0.9746,0.3877,0.7475,0.8623,0.003,0.7114,1.0,0.8228,0.1433,0.908,1.0,0.8667,0.6331,Nonpass
416,254563.0,50-59,White (not Hispanic or Latino),Male,-2856.4913280191786,2.9752546064777214,0.7977,0.4029,0.7606,0.8607,0.4859,0.8944,0.8623,0.4816,0.2791,0.6133,0.7073,0.7932,0.529,0.8841,0.5915,0.1965,0.4721,0.2311,0.6444,0.2546,Nonpass
417,255131.0,16-19,Asian (not Hispanic or Latino),Male,-2608.9168716184104,3.114998063386214,0.9666,0.659,0.6147,0.0309,0.0741,0.5987,0.5,0.3058,0.1501,0.5392,0.3581,0.2447,0.8215,0.8432,0.2437,0.1965,0.7791,0.5,0.7107,0.5557,Nonpass
418,256572.0,20-29,White (not Hispanic or Latino),Male,-3854.831819506568,3.114998063386214,0.0668,0.659,0.294,0.5166,0.1021,0.1056,0.0228,0.5429,0.0907,0.6834,0.5721,0.135,0.0522,0.3089,0.032,0.9294,0.908,0.2782,0.2294,0.4761,Nonpass
419,257555.0,20-29,White (not Hispanic or Latino),Male,-1915.644518309362,3.058345310585474,0.3085,0.8906,0.4503,0.6513,0.349,0.1587,0.0228,0.5429,0.0264,0.2549,0.8183,0.0271,0.2564,0.378,0.1772,0.7343,0.7791,0.7689,0.032,0.9099,Nonpass
421,257741.0,30-39,Black or African American (not Hispanic or Latino),Male,-3468.8006690342513,2.0924734123835815,0.1587,0.1836,0.9088,0.9237,0.0741,0.6915,0.1817,0.7154,0.0009,0.9643,0.3581,0.1075,0.0664,0.4513,0.1772,0.2602,0.9598,0.3295,0.2893,0.9969,Pass
422,257780.0,60 or over,White (not Hispanic or Latino),Male,3917.3872642054175,3.0658990109589057,0.3085,0.659,0.1689,0.3159,0.0523,0.2266,0.3581,0.1307,0.1878,0.3193,0.0345,0.7065,0.0405,0.0346,0.0824,0.8962,0.071,0.0026,0.2893,0.7054,Nonpass
423,257806.0,20-29,Asian (not Hispanic or Latino),Male,18718.54663278535,4.122415313641983,1.0,0.9966,0.9849,1.0,0.8014,1.0,0.9491,1.0,0.7309,0.7475,0.9655,0.7519,0.7881,0.9609,1.0,0.0446,0.5831,1.0,1.0,0.1949,Nonpass
424,258125.0,20-29,White (not Hispanic or Latino),Male,-469.3138664259836,2.0773660116367174,0.5662,0.2831,0.9951,0.8607,0.6246,0.7734,0.5721,0.8819,0.0907,0.6133,0.7073,0.0139,0.0522,0.7937,0.9176,0.1008,0.929,0.5585,0.8667,0.7054,Pass
425,258230.0,60 or over,White (not Hispanic or Latino),Male,-895.264407790956,3.111221213199498,0.9088,0.7169,0.9384,0.7692,0.7486,0.4013,0.7665,0.4816,0.8201,0.7475,0.5721,0.4433,0.7114,0.5263,0.6783,0.413,0.4721,0.4415,0.5735,0.2546,Nonpass
426,258257.0,50-59,White (not Hispanic or Latino),Male,935.3607775665942,4.0506551600943785,0.0478,0.5327,0.0366,0.7692,0.1795,0.5,0.8623,0.5429,0.7781,0.5392,0.2335,0.1075,0.3856,0.0517,0.7563,0.7988,0.1817,0.7689,0.0974,0.3974,Nonpass
427,258328.0,50-59,Asian (not Hispanic or Latino),Male,4128.702541519032,3.016799958531598,0.3085,0.2303,0.3694,0.5852,0.1371,0.3085,0.2927,0.3058,0.3316,0.2549,0.2927,0.2897,0.4326,0.1437,0.1772,0.4966,0.5831,0.3843,0.0974,0.6331,Nonpass
428,258571.0,50-59,White (not Hispanic or Latino),Male,4678.105948781125,3.0356842094651775,0.5,0.7169,0.5332,0.1203,0.8848,0.5,0.2927,0.6611,0.037,0.6834,0.3581,0.0842,0.3856,0.4513,0.0526,0.5804,0.7791,0.7218,0.5,0.5557,Nonpass
429,259538.0,20-29,White (not Hispanic or Latino),Male,-3438.741156297565,3.09989066263935,0.4338,0.2831,0.4503,0.7131,0.5561,0.8944,0.0228,0.8819,0.0509,0.3193,0.8623,0.0067,0.6687,0.671,0.2437,0.3331,0.9598,0.7689,0.3556,0.6331,Nonpass
430,260329.0,40-49,Hispanic or Latino,Male,2530.5346146941442,4.031770909160798,0.4338,0.2303,0.3694,0.4475,0.0157,0.4013,0.1377,0.2074,0.4463,0.6133,0.1817,0.1075,0.4807,0.1437,0.0186,0.7988,0.1817,0.1197,0.1333,0.3974,Nonpass
431,260643.0,20-29,White (not Hispanic or Latino),Male,-29.23450507961373,4.0959773623349705,0.1587,0.2831,0.4503,0.1587,0.349,0.2266,0.1016,0.2541,0.1178,0.2549,0.3581,0.2447,0.1037,0.1437,0.2437,0.9294,0.7791,0.1888,0.4265,0.8729,Nonpass
432,260717.0,30-39,Other,Female,518.5966530978942,2.073589161450001,0.6306,0.7169,0.8697,0.5852,0.5561,0.9332,0.8623,0.4207,0.6792,0.9768,0.9491,0.606,0.8215,0.7937,0.5,0.0683,0.4721,0.8803,0.7706,0.2546,Pass
433,260720.0,50-59,White (not Hispanic or Latino),Male,-4956.466703383475,2.035820659582841,0.5,0.5327,0.0846,0.5166,0.4162,0.0401,0.0146,0.6611,0.0907,0.2549,0.4279,0.1075,0.0664,0.1906,0.1236,0.5804,0.4721,0.6705,0.2893,0.7704,Pass
436,260790.0,30-39,White (not Hispanic or Latino),Male,1608.6188344532306,2.6277843892998467,0.6306,0.9798,0.4503,1.0,1.0,1.0,1.0,0.9322,0.9654,1.0,1.0,0.6576,0.9367,1.0,1.0,0.0446,0.8529,0.8112,1.0,0.0314,Nonpass
437,260864.0,50-59,White (not Hispanic or Latino),Male,-6865.319181233505,2.9828083068511533,0.5662,0.1836,0.8203,0.5852,0.2862,0.5,0.2335,0.6611,0.1501,0.4638,0.7073,0.2897,0.3401,0.4513,0.0526,0.5804,0.7791,0.5585,0.2893,0.6331,Nonpass
438,260903.0,40-49,White (not Hispanic or Latino),Female,-5714.214281470571,4.088423661961539,0.6306,0.7697,0.6915,0.4475,0.7486,0.5987,0.5721,0.3617,0.8568,0.6133,0.7665,0.3383,0.8514,0.6003,0.1772,0.4966,0.1817,0.8803,0.9026,0.1038,Nonpass
440,260934.0,50-59,White (not Hispanic or Latino),Male,2104.9845732290196,4.126192163828699,0.4338,0.9183,0.9088,0.8607,0.6893,0.9599,0.8623,0.8097,0.5656,0.7475,0.1377,0.8301,0.2189,0.7937,0.7563,0.3331,0.2209,0.5,0.5,0.7054,Nonpass
441,261130.0,40-49,Asian (not Hispanic or Latino),Male,-5769.354493162463,1.896077202674348,0.6306,0.0597,0.3694,0.38,0.7486,0.0668,0.1817,0.1307,0.0014,0.804,0.1016,0.3383,0.3401,0.0224,0.1772,0.8962,0.1173,0.0388,0.0974,0.9099,Pass
442,261427.0,50-59,White (not Hispanic or Latino),Male,620.2434481732391,3.8089367481445526,0.2525,0.4673,0.6147,0.0084,0.4859,0.0401,0.3581,0.3058,0.0907,0.4638,0.1817,0.606,0.3401,0.5263,0.1772,0.9294,0.7791,0.0388,0.3556,0.8729,Nonpass
443,261434.0,20-29,Black or African American (not Hispanic or Latino),Female,-1659.0606570349476,2.8846102019965363,0.7977,0.4029,0.9974,0.8185,0.7486,1.0,1.0,0.7154,0.6792,1.0,0.8984,0.2897,0.9367,0.8432,0.9474,0.2602,0.4721,1.0,1.0,0.6331,Nonpass
445,261474.0,60 or over,White (not Hispanic or Latino),Male,-1057.4193132211944,2.971477756291005,0.0668,0.7169,0.7606,0.7131,0.1795,0.0122,0.1016,0.2074,0.5656,0.2549,0.8623,0.065,0.0129,0.0346,0.7563,0.2602,0.2646,0.6157,0.2294,0.9382,Nonpass
446,261524.0,40-49,Black or African American (not Hispanic or Latino),Male,11126.764549122121,2.888387052183252,0.6915,0.659,0.8697,0.9237,0.01,0.5987,0.8984,0.6611,0.506,0.6834,0.5,0.0493,0.4807,0.9421,0.8764,0.2602,0.3122,0.8112,0.7107,0.8729,Nonpass
447,261628.0,50-59,White (not Hispanic or Latino),Male,2148.8488535340957,4.929659504001802,0.4338,0.2303,0.7606,0.8956,0.0523,0.5,0.7665,0.3058,0.6237,0.6133,0.3581,0.7065,0.7114,0.671,0.5915,0.7988,0.4721,0.1516,0.5,0.4761,Nonpass
448,261701.0,20-29,Black or African American (not Hispanic or Latino),Male,-3950.0898401804147,4.024217208787366,0.6306,0.0597,0.9849,0.7131,0.6246,0.3085,0.0509,0.7154,0.0056,0.9768,0.7665,0.1671,0.3401,0.7359,0.6783,0.6607,0.9849,0.8484,0.1772,0.9992,Nonpass
449,261733.0,60 or over,White (not Hispanic or Latino),Male,-5409.1499496225715,2.0886965621968656,0.4338,0.7169,0.0846,0.5166,0.1371,0.1587,0.2335,0.4207,0.4463,0.6133,0.4279,0.3383,0.4326,0.0748,0.0103,0.8962,0.4721,0.4415,0.0208,0.2546,Pass
450,261750.0,40-49,White (not Hispanic or Latino),Male,-2374.7079313857466,2.073589161450001,0.7475,0.4673,0.6915,0.4475,0.4859,0.8413,0.7665,0.8097,0.506,0.3896,0.8183,0.0196,0.529,0.5263,0.9176,0.413,0.8529,0.5,0.8228,0.6331,Pass
451,263552.0,30-39,White (not Hispanic or Latino),Male,6663.392179585533,5.039188159416566,0.2023,0.9574,0.6147,1.0,0.5561,0.2266,0.5721,0.7154,0.0264,0.8916,0.2927,0.135,0.0234,0.1437,0.8764,0.7343,0.8827,0.5,0.1333,0.9945,Nonpass
452,263812.0,20-29,White (not Hispanic or Latino),Male,-397.9278922109236,3.09989066263935,0.7977,0.659,0.8697,0.8607,1.0,0.6915,0.5,0.9322,0.0009,0.8521,0.5721,0.7065,0.2564,0.671,0.5915,0.4966,0.9979,0.6705,0.8667,0.1949,Nonpass
453,263927.0,50-59,Hispanic or Latino,Male,560.1649627345431,3.997779257480354,0.5662,0.341,0.9951,0.8956,0.8848,0.9599,0.8984,0.7652,0.2309,0.9768,0.6419,0.7932,0.8215,0.9421,0.7563,0.6607,0.7354,0.8112,1.0,0.4761,Nonpass
454,264007.0,60 or over,White (not Hispanic or Latino),Male,2184.8566008213757,2.669329741353723,0.1587,0.9403,0.0567,0.7692,0.2294,0.4013,0.2335,0.4207,0.0264,0.5392,0.5,0.135,0.0664,0.0346,0.3217,0.8528,0.5279,0.3843,0.0692,0.9904,Nonpass
455,264434.0,50-59,White (not Hispanic or Latino),Male,1778.8534389109368,4.05820886046781,0.5,0.1433,0.3694,0.5852,0.6246,0.2266,0.5721,0.3617,0.1501,0.6834,0.2335,0.3383,0.3401,0.0748,0.2437,0.9984,0.1817,0.5,0.1333,0.8264,Nonpass
457,265091.0,50-59,Black or African American (not Hispanic or Latino),Male,-4974.259302750046,2.665552891167007,0.5,0.7169,0.9912,0.7692,0.8848,0.4013,0.7665,0.5429,0.1501,0.6133,0.8623,0.8301,0.529,0.8841,0.4085,0.7988,0.6367,0.3843,0.9026,0.5557,Nonpass
458,265275.0,20-29,White (not Hispanic or Latino),Female,-8011.140854290365,2.1038039629437293,0.1217,0.4029,0.0023,0.2569,0.0241,0.0062,0.0345,0.9096,0.0014,0.3193,0.8623,0.003,0.0835,0.0346,0.2437,0.0683,0.7791,0.6705,0.0974,0.9738,Pass
459,265386.0,30-39,Hispanic or Latino,Male,-7202.930908691979,1.7789948468861512,0.9332,0.341,0.9849,0.38,0.6893,1.0,0.8183,0.5429,0.8568,0.9467,0.7665,0.3898,0.529,0.378,0.5915,0.1433,0.6367,1.0,0.9308,0.8264,Pass
460,265580.0,60 or over,White (not Hispanic or Latino),Male,-11881.965829130193,1.0888330123145291,0.3694,0.1433,0.0567,0.089,0.0157,0.0062,0.2927,0.3058,0.1178,0.3193,0.2927,0.2447,0.4807,0.1052,0.032,0.7343,0.4721,0.1516,0.0478,0.8729,Pass
462,266825.0,20-29,White (not Hispanic or Latino),Male,1745.5494756201128,4.088423661961539,0.3694,0.7697,0.3694,0.7131,0.349,0.3085,0.1377,0.7652,0.1178,0.5392,0.4279,0.1671,0.2189,0.4513,0.3217,0.413,0.6367,0.5,0.3556,0.8264,Nonpass
463,266909.0,20-29,White (not Hispanic or Latino),Male,-2836.0532140261307,3.08100641170577,0.0151,0.4029,0.1689,0.1203,0.1021,0.0228,0.0032,0.0292,0.0686,0.2549,0.0055,0.0368,0.1037,0.0346,0.0103,0.8528,0.4169,0.028,0.0692,0.9382,Nonpass
464,267259.0,40-49,White (not Hispanic or Latino),Male,-1757.051304100752,3.8882506020655887,0.6306,0.7169,0.7606,0.3159,0.6246,0.4013,0.5,0.8097,0.4463,0.1497,0.2927,0.7065,0.6237,0.1052,0.2437,0.1433,0.7791,0.8484,0.5735,0.1446,Nonpass
465,267434.0,60 or over,White (not Hispanic or Latino),Male,-3244.911679180121,2.820403748822364,0.1587,0.7169,0.6147,0.1203,0.1371,0.2266,0.0729,0.2541,0.0509,0.7475,0.0729,0.3383,0.1849,0.3089,0.1236,0.9969,0.8827,0.0707,0.1772,0.7054,Nonpass
466,267579.0,20-29,White (not Hispanic or Latino),Female,1307.8103990352292,4.0959773623349705,0.4338,0.5971,0.7606,0.4475,0.036,0.6915,0.2335,0.8487,0.037,0.3896,0.9271,0.065,0.2564,0.6003,0.4085,0.3331,0.9979,0.7689,0.4265,0.8729,Nonpass
467,267689.0,40-49,White (not Hispanic or Latino),Female,1598.4992247763485,3.096113812452634,0.5,0.2831,0.1217,0.7131,0.0523,0.0122,0.0729,0.6611,0.3877,0.0541,0.8623,0.3898,0.1543,0.0224,0.3217,0.0683,0.6878,0.5585,0.5735,0.7704,Nonpass
468,267947.0,20-29,Hispanic or Latino,Male,4442.85253239456,4.031770909160798,0.4338,0.341,0.294,0.6513,0.1795,0.1056,0.0509,0.3617,0.5656,0.4638,0.3581,0.1075,0.1273,0.0748,0.4085,0.4966,0.1173,0.3843,0.5735,0.7704,Nonpass
469,268063.0,60 or over,White (not Hispanic or Latino),Male,372.66443478265444,2.5937927376194025,0.2525,0.4673,0.294,0.3159,0.1371,0.0401,0.2335,0.4816,0.506,0.4638,0.2927,0.065,0.0016,0.1437,0.2437,0.9294,0.4169,0.5,0.6444,0.5557,Nonpass
470,268319.0,50-59,Black or African American (not Hispanic or Latino),Male,6725.986851646004,4.635065189437952,0.6306,0.5327,0.9749,1.0,0.1021,0.4013,0.8183,0.7652,0.7781,0.9467,0.9271,0.3383,0.8777,0.7937,0.9176,0.2602,0.8183,0.8484,0.8667,0.1038,Nonpass
471,268519.0,20-29,Hispanic or Latino,Male,1060.5307522231742,3.114998063386214,0.6306,0.5971,0.3694,0.8956,0.9397,0.5,0.7665,0.6611,0.2309,0.6133,0.7073,0.5524,0.6687,0.378,0.6783,0.3331,0.5831,0.7689,0.6444,0.8729,Nonpass
472,268566.0,Prefer Not To Say,White (not Hispanic or Latino),Male,3619.3669466137676,1.896077202674348,0.9522,0.1094,0.8203,0.7692,0.9155,0.6915,0.9655,0.6611,0.9141,0.3193,0.6419,0.9141,0.9779,0.7359,0.6783,0.3331,0.6367,0.9072,0.8667,0.2546,Pass
473,268612.0,30-39,Hispanic or Latino,Male,643.617925818865,3.107444363012782,0.9666,0.4029,0.9088,0.9237,0.9155,0.8413,0.9772,0.6611,0.3316,0.5392,0.8183,0.7519,0.9006,0.8841,1.0,0.413,0.5279,0.8112,0.9026,0.5557,Nonpass
474,268625.0,20-29,Hispanic or Latino,Male,-1599.0245876096615,1.0359571097005045,0.6306,0.7169,0.7606,0.5166,0.1371,0.8413,0.7073,0.2541,0.7309,0.804,0.5,0.3898,0.7514,0.671,0.4085,0.9538,0.2209,0.5585,0.5,0.3228,Pass
475,268628.0,20-29,Hispanic or Latino,Male,607.3746656395683,3.096113812452634,0.2023,0.8906,0.8203,0.1203,0.1795,0.2266,0.4279,0.7154,0.0126,0.8521,0.1817,0.0067,0.529,0.4513,0.5915,0.413,0.9461,0.1888,0.5735,0.2546,Nonpass
476,268664.0,20-29,White (not Hispanic or Latino),Male,-6187.1524320137205,1.092609862501245,0.4338,0.1433,0.2266,0.8607,0.6246,0.1056,0.3581,0.4207,0.1501,0.3896,0.6419,0.2037,0.4807,0.0748,0.3217,0.8962,0.6878,0.6157,0.1333,0.5557,Pass
477,268764.0,20-29,Black or African American (not Hispanic or Latino),Male,-2094.237588504478,3.1187749135729304,0.6306,0.4673,0.4503,0.2569,0.349,0.5,0.1817,0.4207,0.0509,0.3193,0.2927,0.003,0.3856,0.4513,0.0526,0.7343,0.5279,0.7689,0.5,0.9099,Nonpass
478,268910.0,60 or over,White (not Hispanic or Latino),Male,2168.7359079840203,4.0922005121482545,0.6306,0.0597,0.0366,0.7131,0.6893,0.0228,0.4279,0.2541,0.6237,0.5392,0.4279,0.7519,0.529,0.1437,0.032,0.4966,0.2209,0.3295,0.0692,0.3974,Nonpass
479,269400.0,50-59,White (not Hispanic or Latino),Male,-820.9493734915214,3.9449033548663293,0.0,0.7169,0.0078,0.089,0.0157,0.4013,0.0146,0.1662,0.1178,0.1981,0.0055,0.0196,0.0522,0.0517,0.0186,0.9538,0.8529,0.028,0.0131,0.7054,Nonpass
480,269482.0,30-39,White (not Hispanic or Latino),Male,1154.3167311107732,2.9677009061042887,0.4338,0.8164,0.0846,0.5852,0.6246,0.1056,0.0345,0.4816,0.0686,0.1497,0.3581,0.1075,0.1273,0.0517,0.2437,0.5804,0.7354,0.7689,0.0974,0.9738,Nonpass
481,270032.0,40-49,White (not Hispanic or Latino),Male,-936.2760019048629,2.073589161450001,0.0228,0.9996,0.9974,1.0,0.8014,0.9599,0.8984,0.9641,0.0085,0.9643,0.0018,0.2447,0.0093,0.7937,0.4085,0.1433,0.9928,0.0,0.1333,0.9904,Pass
482,273363.0,60 or over,White (not Hispanic or Latino),Male,-1778.306483904818,2.7146519435943155,0.1217,0.0817,0.294,0.1203,0.1795,0.0228,0.0729,0.3617,0.0184,0.1497,0.0509,0.1671,0.2189,0.1906,0.0824,0.7988,0.6878,0.0529,0.0478,0.9382,Nonpass
